-- --------------------------------------------------------
-- Host:                         127.0.0.1
-- Server version:               10.1.37-MariaDB - mariadb.org binary distribution
-- Server OS:                    Win32
-- HeidiSQL Version:             9.5.0.5196
-- --------------------------------------------------------

/*!40101 SET @OLD_CHARACTER_SET_CLIENT=@@CHARACTER_SET_CLIENT */;
/*!40101 SET NAMES utf8 */;
/*!50503 SET NAMES utf8mb4 */;
/*!40014 SET @OLD_FOREIGN_KEY_CHECKS=@@FOREIGN_KEY_CHECKS, FOREIGN_KEY_CHECKS=0 */;
/*!40101 SET @OLD_SQL_MODE=@@SQL_MODE, SQL_MODE='NO_AUTO_VALUE_ON_ZERO' */;


-- Dumping database structure for strp
CREATE DATABASE IF NOT EXISTS `strp` /*!40100 DEFAULT CHARACTER SET ascii COLLATE ascii_bin */;
USE `strp`;

-- Dumping structure for table strp.addon_account
CREATE TABLE IF NOT EXISTS `addon_account` (
  `name` varchar(60) NOT NULL,
  `label` varchar(255) NOT NULL,
  `shared` int(11) NOT NULL,
  PRIMARY KEY (`name`)
) ENGINE=InnoDB DEFAULT CHARSET=latin1;

-- Dumping data for table strp.addon_account: ~6 rows (approximately)
/*!40000 ALTER TABLE `addon_account` DISABLE KEYS */;
INSERT INTO `addon_account` (`name`, `label`, `shared`) VALUES
	('property_black_money', 'Argent Sale Propriété', 0),
	('society_ambulance', 'Ambulance', 1),
	('society_cardealer', 'Car Dealer', 1),
	('society_mechanic', 'Mechanic', 1),
	('society_police', 'Police', 1),
	('society_taxi', 'Taxi', 1);
/*!40000 ALTER TABLE `addon_account` ENABLE KEYS */;

-- Dumping structure for table strp.addon_account_data
CREATE TABLE IF NOT EXISTS `addon_account_data` (
  `id` int(11) NOT NULL AUTO_INCREMENT,
  `account_name` varchar(255) DEFAULT NULL,
  `money` double NOT NULL,
  `owner` varchar(255) DEFAULT NULL,
  PRIMARY KEY (`id`)
) ENGINE=InnoDB AUTO_INCREMENT=88 DEFAULT CHARSET=latin1;

-- Dumping data for table strp.addon_account_data: ~87 rows (approximately)
/*!40000 ALTER TABLE `addon_account_data` DISABLE KEYS */;
INSERT INTO `addon_account_data` (`id`, `account_name`, `money`, `owner`) VALUES
	(1, 'society_police', 34890, NULL),
	(2, 'society_ambulance', 0, NULL),
	(3, 'society_cardealer', 30, NULL),
	(4, 'society_taxi', 512, NULL),
	(5, 'society_mechanic', 250, NULL),
	(6, 'property_black_money', 0, 'steam:11000010181f7dc'),
	(7, 'property_black_money', 0, 'steam:110000113a28bfb'),
	(8, 'property_black_money', 0, 'steam:110000107003f3f'),
	(9, 'property_black_money', 0, 'steam:1100001032256b2'),
	(10, 'property_black_money', 0, 'steam:110000106a4b350'),
	(11, 'property_black_money', 0, 'steam:110000101a7a8ea'),
	(12, 'property_black_money', 0, 'steam:11000010400b1fc'),
	(13, 'property_black_money', 0, 'steam:110000101536738'),
	(14, 'property_black_money', 0, 'steam:110000106a296fa'),
	(15, 'property_black_money', 0, 'steam:110000107cad5a4'),
	(16, 'property_black_money', 0, 'steam:11000010a7a16c3'),
	(17, 'property_black_money', 0, 'steam:11000010a295d61'),
	(18, 'property_black_money', 0, 'steam:110000106f7ce3f'),
	(19, 'property_black_money', 0, 'steam:110000115c03b52'),
	(20, 'property_black_money', 0, 'steam:11000010c14682d'),
	(21, 'property_black_money', 0, 'steam:110000100a219d0'),
	(22, 'property_black_money', 0, 'steam:11000010cd31807'),
	(23, 'property_black_money', 0, 'steam:110000103965729'),
	(24, 'property_black_money', 0, 'steam:110000103ea8d0b'),
	(25, 'property_black_money', 0, 'steam:110000104ea15d1'),
	(26, 'property_black_money', 0, 'steam:1100001095b72f7'),
	(27, 'property_black_money', 0, 'steam:11000011d0c9c1c'),
	(28, 'property_black_money', 0, 'steam:110000111aa29f1'),
	(29, 'property_black_money', 0, 'steam:11000011390f910'),
	(30, 'property_black_money', 0, 'steam:1100001121f80f4'),
	(31, 'property_black_money', 0, 'steam:11000011c6dbc6b'),
	(32, 'property_black_money', 0, 'steam:11000010b6bcd0e'),
	(33, 'property_black_money', 0, 'steam:110000110bc416a'),
	(34, 'property_black_money', 0, 'steam:110000112e8a7c2'),
	(35, 'property_black_money', 0, 'steam:11000010ef49b2d'),
	(36, 'property_black_money', 0, 'steam:11000011404588c'),
	(37, 'property_black_money', 0, 'steam:110000105bb5ee8'),
	(38, 'property_black_money', 0, 'steam:11000011214e91c'),
	(39, 'property_black_money', 0, 'steam:11000010be66d11'),
	(40, 'property_black_money', 0, 'steam:11000010c61da90'),
	(41, 'property_black_money', 0, 'steam:11000010681534d'),
	(42, 'property_black_money', 0, 'steam:1100001043c3079'),
	(43, 'property_black_money', 0, 'steam:11000010bf88d2b'),
	(44, 'property_black_money', 0, 'steam:11000010e3b5e0a'),
	(45, 'property_black_money', 0, 'steam:1100001112c3168'),
	(46, 'property_black_money', 0, 'steam:11000010c837347'),
	(47, 'property_black_money', 0, 'steam:110000100eeba3a'),
	(48, 'property_black_money', 0, 'steam:11000010495355a'),
	(49, 'property_black_money', 0, 'steam:1100001076ef413'),
	(50, 'property_black_money', 0, 'steam:110000104592b08'),
	(51, 'property_black_money', 0, 'steam:110000113af0075'),
	(52, 'property_black_money', 0, 'steam:11000011653861b'),
	(53, 'property_black_money', 0, 'steam:1100001073dda0b'),
	(54, 'property_black_money', 0, 'steam:110000108a3b05e'),
	(55, 'property_black_money', 0, 'steam:1100001041cf2f7'),
	(56, 'property_black_money', 0, 'steam:11000010f49a2a4'),
	(57, 'property_black_money', 0, 'steam:11000010480d0d2'),
	(58, 'property_black_money', 0, 'steam:11000010e9f4cad'),
	(59, 'property_black_money', 0, 'steam:11000010780fcb2'),
	(60, 'property_black_money', 0, 'steam:110000106ae3653'),
	(61, 'property_black_money', 0, 'steam:110000103f0a3a1'),
	(62, 'property_black_money', 0, 'steam:11000011131a78e'),
	(63, 'property_black_money', 0, 'steam:110000105ae120c'),
	(64, 'property_black_money', 0, 'steam:110000105f9d1e1'),
	(65, 'property_black_money', 0, 'steam:110000102def17a'),
	(66, 'property_black_money', 0, 'steam:110000105ee37bc'),
	(67, 'property_black_money', 0, 'steam:1100001069e90ec'),
	(68, 'property_black_money', 0, 'steam:1100001025368dd'),
	(69, 'property_black_money', 0, 'steam:11000010dc09b12'),
	(70, 'property_black_money', 0, 'steam:110000139d015e8'),
	(71, 'property_black_money', 0, 'steam:11000010ae36824'),
	(72, 'property_black_money', 0, 'steam:1100001073f15ac'),
	(73, 'property_black_money', 0, 'steam:11000010188f986'),
	(74, 'property_black_money', 0, 'steam:1100001066d171c'),
	(75, 'property_black_money', 0, 'steam:11000010457bd98'),
	(76, 'property_black_money', 0, 'steam:110000109eeac8e'),
	(77, 'property_black_money', 0, 'steam:110000104437a45'),
	(78, 'property_black_money', 0, 'steam:11000010053205c'),
	(79, 'property_black_money', 0, 'steam:110000116b06d46'),
	(80, 'property_black_money', 0, 'steam:1100001065b69c3'),
	(81, 'property_black_money', 0, 'steam:1100001007ca702'),
	(82, 'property_black_money', 0, 'steam:11000010632f9b5'),
	(83, 'property_black_money', 0, 'steam:110000108c1c25f'),
	(84, 'property_black_money', 0, 'steam:110000106e6abb7'),
	(85, 'property_black_money', 0, 'steam:110000110c65246'),
	(86, 'property_black_money', 0, 'steam:11000010bf7bb73'),
	(87, 'property_black_money', 0, 'steam:110000108c9037a');
/*!40000 ALTER TABLE `addon_account_data` ENABLE KEYS */;

-- Dumping structure for table strp.addon_inventory
CREATE TABLE IF NOT EXISTS `addon_inventory` (
  `name` varchar(60) NOT NULL,
  `label` varchar(255) NOT NULL,
  `shared` int(11) NOT NULL,
  PRIMARY KEY (`name`)
) ENGINE=InnoDB DEFAULT CHARSET=latin1;

-- Dumping data for table strp.addon_inventory: ~6 rows (approximately)
/*!40000 ALTER TABLE `addon_inventory` DISABLE KEYS */;
INSERT INTO `addon_inventory` (`name`, `label`, `shared`) VALUES
	('property', 'Propriété', 0),
	('society_ambulance', 'Ambulance', 1),
	('society_cardealer', 'Concesionnaire', 1),
	('society_mechanic', 'Mécano', 1),
	('society_police', 'Police', 1),
	('society_taxi', 'Taxi', 1);
/*!40000 ALTER TABLE `addon_inventory` ENABLE KEYS */;

-- Dumping structure for table strp.addon_inventory_items
CREATE TABLE IF NOT EXISTS `addon_inventory_items` (
  `id` int(11) NOT NULL AUTO_INCREMENT,
  `inventory_name` varchar(255) NOT NULL,
  `name` varchar(255) NOT NULL,
  `count` int(11) NOT NULL,
  `owner` varchar(60) DEFAULT NULL,
  PRIMARY KEY (`id`)
) ENGINE=InnoDB AUTO_INCREMENT=4 DEFAULT CHARSET=latin1;

-- Dumping data for table strp.addon_inventory_items: ~3 rows (approximately)
/*!40000 ALTER TABLE `addon_inventory_items` DISABLE KEYS */;
INSERT INTO `addon_inventory_items` (`id`, `inventory_name`, `name`, `count`, `owner`) VALUES
	(1, 'society_police', 'bandage', 10, NULL),
	(2, 'property', 'fish', 35, 'steam:110000113a28bfb'),
	(3, 'property', 'fish', 1, 'steam:110000105bb5ee8');
/*!40000 ALTER TABLE `addon_inventory_items` ENABLE KEYS */;

-- Dumping structure for table strp.billing
CREATE TABLE IF NOT EXISTS `billing` (
  `id` int(11) NOT NULL AUTO_INCREMENT,
  `identifier` varchar(255) NOT NULL,
  `sender` varchar(255) NOT NULL,
  `target_type` varchar(50) NOT NULL,
  `target` varchar(255) NOT NULL,
  `label` varchar(255) NOT NULL,
  `amount` int(11) NOT NULL,
  PRIMARY KEY (`id`)
) ENGINE=InnoDB AUTO_INCREMENT=88 DEFAULT CHARSET=latin1;

-- Dumping data for table strp.billing: ~78 rows (approximately)
/*!40000 ALTER TABLE `billing` DISABLE KEYS */;
INSERT INTO `billing` (`id`, `identifier`, `sender`, `target_type`, `target`, `label`, `amount`) VALUES
	(3, 'steam:110000101536738', 'steam:110000113a28bfb', 'society', 'society_police', 'Fine: Usage abusif du klaxon', 30),
	(7, 'steam:11000011404588c', 'steam:110000111aa29f1', 'society', 'society_police', 'Fine: Illegal U-Turn', 250),
	(11, 'steam:110000113a28bfb', 'steam:110000101536738', 'society', 'society_police', 'Fine: Misuse of a horn', 30),
	(12, 'steam:110000113a28bfb', 'steam:110000101536738', 'society', 'society_police', 'Fine: Misuse of a horn', 30),
	(13, 'steam:110000113a28bfb', 'steam:110000101536738', 'society', 'society_police', 'Fine: Illegally Crossing a continuous Line', 40),
	(14, 'steam:110000113a28bfb', 'steam:110000101536738', 'society', 'society_police', 'Fine: Illegal U-Turn', 250),
	(15, 'steam:110000113a28bfb', 'steam:110000101536738', 'society', 'society_police', 'Fine: Impeding traffic flow', 110),
	(16, 'steam:110000113a28bfb', 'steam:110000101536738', 'society', 'society_police', 'Fine: Impeding traffic flow', 110),
	(17, 'steam:110000101536738', 'steam:110000113a28bfb', 'society', 'society_police', 'Fine: Assault on a Civilian', 2000),
	(18, 'steam:110000101536738', 'steam:110000113a28bfb', 'society', 'society_police', 'Fine: Assault on a Civilian', 2000),
	(19, 'steam:110000101536738', 'steam:110000113a28bfb', 'society', 'society_police', 'Fine: Assault on a Civilian', 2000),
	(20, 'steam:110000101536738', 'steam:110000113a28bfb', 'society', 'society_police', 'Fine: Assault on a Civilian', 2000),
	(21, 'steam:110000101536738', 'steam:110000113a28bfb', 'society', 'society_police', 'Fine: Assault on a Civilian', 2000),
	(22, 'steam:110000101536738', 'steam:110000113a28bfb', 'society', 'society_police', 'Fine: Assault on a Civilian', 2000),
	(23, 'steam:110000101536738', 'steam:110000113a28bfb', 'society', 'society_police', 'Fine: Assault on a Civilian', 2000),
	(24, 'steam:110000101536738', 'steam:110000113a28bfb', 'society', 'society_police', 'Fine: Assault on a Civilian', 2000),
	(25, 'steam:110000101536738', 'steam:110000113a28bfb', 'society', 'society_police', 'Fine: Assault on a Civilian', 2000),
	(26, 'steam:110000101536738', 'steam:110000113a28bfb', 'society', 'society_police', 'Fine: Assault on a Civilian', 2000),
	(27, 'steam:110000101536738', 'steam:110000113a28bfb', 'society', 'society_police', 'Fine: Assault on a Civilian', 2000),
	(28, 'steam:110000101536738', 'steam:110000113a28bfb', 'society', 'society_police', 'Fine: Assault on a Civilian', 2000),
	(29, 'steam:110000101536738', 'steam:110000113a28bfb', 'society', 'society_police', 'Fine: Assault on a Civilian', 2000),
	(30, 'steam:110000101536738', 'steam:110000113a28bfb', 'society', 'society_police', 'Fine: Assault on a Civilian', 2000),
	(31, 'steam:110000101536738', 'steam:110000113a28bfb', 'society', 'society_police', 'Fine: Assault on a Civilian', 2000),
	(32, 'steam:110000101536738', 'steam:110000113a28bfb', 'society', 'society_police', 'Fine: Assault on a Civilian', 2000),
	(33, 'steam:110000101536738', 'steam:110000113a28bfb', 'society', 'society_police', 'Fine: Assault on a Civilian', 2000),
	(34, 'steam:110000101536738', 'steam:110000113a28bfb', 'society', 'society_police', 'Fine: Assault on a Civilian', 2000),
	(35, 'steam:110000101536738', 'steam:110000113a28bfb', 'society', 'society_police', 'Fine: Assault on a Civilian', 2000),
	(36, 'steam:110000101536738', 'steam:110000113a28bfb', 'society', 'society_police', 'Fine: Assault on a Civilian', 2000),
	(37, 'steam:110000101536738', 'steam:110000113a28bfb', 'society', 'society_police', 'Fine: Assault on a Civilian', 2000),
	(38, 'steam:110000101536738', 'steam:110000113a28bfb', 'society', 'society_police', 'Fine: Assault on a Civilian', 2000),
	(39, 'steam:110000101536738', 'steam:110000113a28bfb', 'society', 'society_police', 'Fine: Assault on a Civilian', 2000),
	(40, 'steam:110000101536738', 'steam:110000113af0075', 'society', 'society_police', 'Fine: Misuse of a horn', 30),
	(41, 'steam:110000101536738', 'steam:110000113af0075', 'society', 'society_police', 'Fine: Misuse of a horn', 30),
	(42, 'steam:110000113af0075', 'steam:110000105bb5ee8', 'society', 'society_police', 'Fine: Murder of an LEO', 30000),
	(43, 'steam:110000113af0075', 'steam:110000105bb5ee8', 'society', 'society_police', 'Fine: Murder of an LEO', 30000),
	(44, 'steam:110000113af0075', 'steam:110000105bb5ee8', 'society', 'society_police', 'Fine: Murder of an LEO', 30000),
	(45, 'steam:110000113af0075', 'steam:110000105bb5ee8', 'society', 'society_police', 'Fine: Murder of an LEO', 30000),
	(46, 'steam:110000113af0075', 'steam:110000105bb5ee8', 'society', 'society_police', 'Fine: Murder of an LEO', 30000),
	(47, 'steam:110000113af0075', 'steam:110000105bb5ee8', 'society', 'society_police', 'Fine: Illegal U-Turn', 250),
	(48, 'steam:11000011404588c', 'steam:11000010c14682d', 'player', 'steam:11000010c14682d', 'Fine: Murder of an LEO', 30000),
	(49, 'steam:11000011404588c', 'steam:11000010c14682d', 'player', 'steam:11000010c14682d', 'Fine: Murder of an LEO', 30000),
	(50, 'steam:11000011404588c', 'steam:11000010c14682d', 'player', 'steam:11000010c14682d', 'Fine: Murder of an LEO', 30000),
	(51, 'steam:11000010f49a2a4', 'steam:110000107cad5a4', 'player', 'steam:110000107cad5a4', 'Fine: Murder of an LEO', 30000),
	(52, 'steam:11000010f49a2a4', 'steam:110000107cad5a4', 'player', 'steam:110000107cad5a4', 'Fine: Murder of an LEO', 30000),
	(53, 'steam:11000010f49a2a4', 'steam:110000107cad5a4', 'player', 'steam:110000107cad5a4', 'Fine: Murder of an LEO', 30000),
	(54, 'steam:11000010f49a2a4', 'steam:110000107cad5a4', 'player', 'steam:110000107cad5a4', 'Fine: Murder of an LEO', 30000),
	(55, 'steam:11000010f49a2a4', 'steam:110000107cad5a4', 'player', 'steam:110000107cad5a4', 'Fine: Murder of an LEO', 30000),
	(56, 'steam:11000010f49a2a4', 'steam:110000107cad5a4', 'player', 'steam:110000107cad5a4', 'Fine: Murder of an LEO', 30000),
	(57, 'steam:11000010f49a2a4', 'steam:110000107cad5a4', 'player', 'steam:110000107cad5a4', 'Fine: Murder of an LEO', 30000),
	(58, 'steam:110000113af0075', 'steam:11000010c14682d', 'player', 'steam:11000010c14682d', 'Fine: Misuse of a horn', 30),
	(59, 'steam:110000113af0075', 'steam:11000010c14682d', 'player', 'steam:11000010c14682d', 'Fine: Misuse of a horn', 30),
	(60, 'steam:110000113af0075', 'steam:11000010c14682d', 'player', 'steam:11000010c14682d', 'Fine: Misuse of a horn', 30),
	(61, 'steam:110000113af0075', 'steam:11000010c14682d', 'player', 'steam:11000010c14682d', 'Fine: Misuse of a horn', 30),
	(62, 'steam:110000113af0075', 'steam:11000010c14682d', 'player', 'steam:11000010c14682d', 'Fine: Misuse of a horn', 30),
	(63, 'steam:110000113af0075', 'steam:11000010c14682d', 'player', 'steam:11000010c14682d', 'Fine: Misuse of a horn', 30),
	(64, 'steam:110000113af0075', 'steam:11000010c14682d', 'player', 'steam:11000010c14682d', 'Fine: Misuse of a horn', 30),
	(65, 'steam:110000113af0075', 'steam:11000010c14682d', 'player', 'steam:11000010c14682d', 'Fine: Misuse of a horn', 30),
	(66, 'steam:110000113af0075', 'steam:11000010c14682d', 'player', 'steam:11000010c14682d', 'Fine: Misuse of a horn', 30),
	(67, 'steam:110000113af0075', 'steam:11000010c14682d', 'player', 'steam:11000010c14682d', 'Fine: Misuse of a horn', 30),
	(68, 'steam:110000113af0075', 'steam:11000010c14682d', 'player', 'steam:11000010c14682d', 'Fine: Misuse of a horn', 30),
	(69, 'steam:110000113af0075', 'steam:11000010c14682d', 'player', 'steam:11000010c14682d', 'Fine: Misuse of a horn', 30),
	(70, 'steam:110000113af0075', 'steam:11000010c14682d', 'player', 'steam:11000010c14682d', 'Fine: Exceeding Speeds Over > 30 mph', 300),
	(71, 'steam:110000113af0075', 'steam:11000010c14682d', 'player', 'steam:11000010c14682d', 'Fine: Misuse of a horn', 30),
	(72, 'steam:110000113af0075', 'steam:11000010c14682d', 'player', 'steam:11000010c14682d', 'Fine: Murder of an LEO', 30000),
	(73, 'steam:110000113af0075', 'steam:11000010c14682d', 'player', 'steam:11000010c14682d', 'Fine: Murder of an LEO', 30000),
	(74, 'steam:110000113af0075', 'steam:11000010c14682d', 'player', 'steam:11000010c14682d', 'Fine: Murder of an LEO', 30000),
	(75, 'steam:110000113af0075', 'steam:11000010c14682d', 'player', 'steam:11000010c14682d', 'Fine: Murder of an LEO', 30000),
	(76, 'steam:110000113af0075', 'steam:11000010c14682d', 'player', 'steam:11000010c14682d', 'Fine: Murder of an LEO', 30000),
	(77, 'steam:110000113af0075', 'steam:11000010c14682d', 'player', 'steam:11000010c14682d', 'Fine: Murder of an LEO', 30000),
	(78, 'steam:110000113af0075', 'steam:11000010c14682d', 'player', 'steam:11000010c14682d', 'Fine: Murder of an LEO', 30000),
	(80, 'steam:11000010188f986', 'steam:11000010181f7dc', 'player', 'steam:11000010181f7dc', 'Fine: Illegally Crossing a continuous Line', 40),
	(81, 'steam:11000010188f986', 'steam:1100001066d171c', 'player', 'steam:1100001066d171c', 'Fine: Disorderly conduct', 90),
	(82, 'steam:11000010188f986', 'steam:1100001066d171c', 'player', 'steam:1100001066d171c', 'Fine: Obstruction of Justice', 130),
	(83, 'steam:11000010188f986', 'steam:1100001066d171c', 'player', 'steam:1100001066d171c', 'Fine: Providing False Information', 250),
	(84, 'steam:11000010188f986', 'steam:1100001066d171c', 'player', 'steam:1100001066d171c', 'Fine: Disrespecting of an LEO', 110),
	(85, 'steam:11000010188f986', 'steam:1100001066d171c', 'player', 'steam:1100001066d171c', 'Fine: Attempt of Corruption', 1500),
	(86, 'steam:11000010188f986', 'steam:11000010181f7dc', 'player', 'steam:11000010181f7dc', 'Fine: Disrespecting of an LEO', 110),
	(87, 'steam:11000010188f986', 'steam:1100001066d171c', 'player', 'steam:1100001066d171c', 'Fine: Public Intoxication', 90);
/*!40000 ALTER TABLE `billing` ENABLE KEYS */;

-- Dumping structure for table strp.cardealer_vehicles
CREATE TABLE IF NOT EXISTS `cardealer_vehicles` (
  `id` int(11) NOT NULL AUTO_INCREMENT,
  `vehicle` varchar(255) NOT NULL,
  `price` int(11) NOT NULL,
  PRIMARY KEY (`id`)
) ENGINE=InnoDB DEFAULT CHARSET=latin1;

-- Dumping data for table strp.cardealer_vehicles: ~0 rows (approximately)
/*!40000 ALTER TABLE `cardealer_vehicles` DISABLE KEYS */;
/*!40000 ALTER TABLE `cardealer_vehicles` ENABLE KEYS */;

-- Dumping structure for table strp.characters
CREATE TABLE IF NOT EXISTS `characters` (
  `id` int(11) NOT NULL AUTO_INCREMENT,
  `identifier` varchar(255) NOT NULL,
  `firstname` varchar(255) NOT NULL,
  `lastname` varchar(255) NOT NULL,
  `dateofbirth` varchar(255) NOT NULL,
  `sex` varchar(1) NOT NULL DEFAULT 'M',
  `height` varchar(128) NOT NULL,
  PRIMARY KEY (`id`)
) ENGINE=InnoDB AUTO_INCREMENT=2 DEFAULT CHARSET=latin1;

-- Dumping data for table strp.characters: ~0 rows (approximately)
/*!40000 ALTER TABLE `characters` DISABLE KEYS */;
INSERT INTO `characters` (`id`, `identifier`, `firstname`, `lastname`, `dateofbirth`, `sex`, `height`) VALUES
	(1, 'steam:1100001073dda0b', 'Yeet', 'Err', '2000-02-29', 'm', '180');
/*!40000 ALTER TABLE `characters` ENABLE KEYS */;

-- Dumping structure for table strp.datastore
CREATE TABLE IF NOT EXISTS `datastore` (
  `name` varchar(60) NOT NULL,
  `label` varchar(255) NOT NULL,
  `shared` int(11) NOT NULL,
  PRIMARY KEY (`name`)
) ENGINE=InnoDB DEFAULT CHARSET=latin1;

-- Dumping data for table strp.datastore: ~4 rows (approximately)
/*!40000 ALTER TABLE `datastore` DISABLE KEYS */;
INSERT INTO `datastore` (`name`, `label`, `shared`) VALUES
	('property', 'Propriété', 0),
	('society_ambulance', 'Ambulance', 1),
	('society_police', 'Police', 1),
	('society_taxi', 'Taxi', 1);
/*!40000 ALTER TABLE `datastore` ENABLE KEYS */;

-- Dumping structure for table strp.datastore_data
CREATE TABLE IF NOT EXISTS `datastore_data` (
  `id` int(11) NOT NULL AUTO_INCREMENT,
  `name` varchar(60) NOT NULL,
  `owner` varchar(60) DEFAULT NULL,
  `data` longtext,
  PRIMARY KEY (`id`),
  UNIQUE KEY `unique_datastore_owner_name` (`owner`,`name`),
  KEY `index_datastore_name` (`name`)
) ENGINE=InnoDB AUTO_INCREMENT=86 DEFAULT CHARSET=latin1;

-- Dumping data for table strp.datastore_data: ~85 rows (approximately)
/*!40000 ALTER TABLE `datastore_data` DISABLE KEYS */;
INSERT INTO `datastore_data` (`id`, `name`, `owner`, `data`) VALUES
	(1, 'society_police', NULL, '{"weapons":[{"count":0,"name":"WEAPON_PISTOL"},{"count":0,"name":"WEAPON_NIGHTSTICK"},{"count":0,"name":"WEAPON_KNIFE"},{"count":1,"name":"WEAPON_HAMMER"},{"count":1,"name":"WEAPON_BAT"},{"count":0,"name":"WEAPON_GOLFCLUB"},{"count":1,"name":"WEAPON_CROWBAR"},{"count":0,"name":"WEAPON_COMBATPISTOL"},{"count":1,"name":"WEAPON_APPISTOL"},{"count":1,"name":"WEAPON_PISTOL50"},{"count":0,"name":"WEAPON_REVOLVER"},{"count":1,"name":"WEAPON_SNSPISTOL"},{"count":1,"name":"WEAPON_HEAVYPISTOL"},{"count":1,"name":"WEAPON_VINTAGEPISTOL"},{"count":1,"name":"WEAPON_MICROSMG"},{"count":0,"name":"WEAPON_SMG"},{"count":1,"name":"WEAPON_ASSAULTSMG"},{"count":0,"name":"WEAPON_MACHINEPISTOL"},{"count":1,"name":"WEAPON_COMBATPDW"},{"count":2,"name":"WEAPON_PUMPSHOTGUN"},{"count":1,"name":"WEAPON_SAWNOFFSHOTGUN"},{"count":1,"name":"WEAPON_ASSAULTSHOTGUN"},{"count":1,"name":"WEAPON_BULLPUPSHOTGUN"},{"count":1,"name":"WEAPON_HEAVYSHOTGUN"},{"count":1,"name":"WEAPON_ASSAULTRIFLE"},{"count":1,"name":"WEAPON_CARBINERIFLE"},{"count":1,"name":"WEAPON_ADVANCEDRIFLE"},{"count":0,"name":"WEAPON_SPECIALCARBINE"},{"count":1,"name":"WEAPON_BULLPUPRIFLE"},{"count":1,"name":"WEAPON_COMPACTRIFLE"},{"count":0,"name":"WEAPON_MG"},{"count":1,"name":"WEAPON_COMBATMG"},{"count":1,"name":"WEAPON_GUSENBERG"},{"count":1,"name":"WEAPON_SNIPERRIFLE"},{"count":1,"name":"WEAPON_HEAVYSNIPER"},{"count":1,"name":"WEAPON_MARKSMANRIFLE"},{"count":0,"name":"WEAPON_GRENADELAUNCHER"},{"count":0,"name":"WEAPON_RPG"},{"count":1,"name":"WEAPON_STINGER"},{"count":1,"name":"WEAPON_MINIGUN"},{"count":1,"name":"WEAPON_GRENADE"},{"count":0,"name":"WEAPON_STICKYBOMB"},{"count":1,"name":"WEAPON_SMOKEGRENADE"},{"count":1,"name":"WEAPON_BZGAS"},{"count":1,"name":"WEAPON_MOLOTOV"},{"count":1,"name":"WEAPON_FIREEXTINGUISHER"},{"count":1,"name":"WEAPON_PETROLCAN"},{"count":1,"name":"WEAPON_BALL"},{"count":1,"name":"WEAPON_BOTTLE"},{"count":1,"name":"WEAPON_DAGGER"},{"count":1,"name":"WEAPON_FIREWORK"},{"count":1,"name":"WEAPON_MUSKET"},{"count":0,"name":"WEAPON_STUNGUN"},{"count":1,"name":"WEAPON_HOMINGLAUNCHER"},{"count":1,"name":"WEAPON_PROXMINE"},{"count":0,"name":"WEAPON_SNOWBALL"},{"count":1,"name":"WEAPON_FLAREGUN"},{"count":1,"name":"WEAPON_MARKSMANPISTOL"},{"count":1,"name":"WEAPON_KNUCKLE"},{"count":1,"name":"WEAPON_HATCHET"},{"count":1,"name":"WEAPON_RAILGUN"},{"count":1,"name":"WEAPON_MACHETE"},{"count":1,"name":"WEAPON_SWITCHBLADE"},{"count":1,"name":"WEAPON_DBSHOTGUN"},{"count":1,"name":"WEAPON_FLASHLIGHT"},{"count":1,"name":"GADGET_PARACHUTE"},{"count":0,"name":"WEAPON_FLARE"}]}'),
	(2, 'society_ambulance', NULL, '{}'),
	(3, 'society_taxi', NULL, '{"garage":[]}'),
	(4, 'property', 'steam:11000010181f7dc', '{"weapons":[]}'),
	(5, 'property', 'steam:110000113a28bfb', '{"dressing":[{"label":"Striped pants, sportsbra, helmet","skin":{"sun_2":0,"hair_color_2":30,"sex":1,"lipstick_1":0,"bproof_1":0,"chest_2":0,"pants_2":7,"eyebrows_4":0,"makeup_4":0,"lipstick_2":10,"bodyb_1":0,"mask_2":0,"lipstick_3":0,"bracelets_2":0,"hair_color_1":30,"beard_2":0,"decals_1":0,"helmet_2":0,"eye_color":2,"beard_3":0,"decals_2":0,"arms":15,"eyebrows_2":10,"tshirt_2":0,"glasses_1":20,"blemishes_2":0,"bags_2":0,"age_2":0,"sun_1":0,"arms_2":0,"beard_1":0,"hair_2":0,"moles_1":5,"blush_1":0,"skin":45,"complexion_1":0,"torso_1":74,"chain_1":83,"watches_2":0,"chest_1":0,"makeup_2":10,"torso_2":1,"eyebrows_1":0,"bracelets_1":-1,"blemishes_1":0,"shoes_2":1,"blush_3":0,"tshirt_1":15,"chain_2":2,"makeup_1":15,"helmet_1":83,"ears_2":0,"mask_1":0,"lipstick_4":0,"makeup_3":0,"pants_1":27,"complexion_2":0,"beard_4":0,"age_1":0,"bags_1":0,"bodyb_2":0,"ears_1":-1,"hair_1":53,"chest_3":0,"glasses_2":0,"watches_1":-1,"bproof_2":0,"face":45,"blush_2":0,"shoes_1":33,"eyebrows_3":0,"moles_2":10}},{"skin":{"sun_2":0,"hair_color_2":30,"sex":1,"lipstick_1":0,"bproof_1":0,"chest_2":0,"hair_1":53,"eyebrows_4":0,"makeup_4":0,"watches_1":-1,"bodyb_1":0,"mask_2":0,"lipstick_3":0,"bracelets_2":0,"age_1":0,"beard_2":0,"decals_1":0,"face":45,"eye_color":2,"beard_3":0,"blush_2":0,"arms":15,"eyebrows_2":10,"tshirt_2":0,"glasses_1":20,"blemishes_2":0,"bags_2":0,"age_2":0,"sun_1":0,"torso_2":6,"mask_1":0,"hair_2":0,"bodyb_2":0,"blush_1":0,"skin":45,"complexion_1":0,"hair_color_1":30,"chain_1":83,"watches_2":0,"torso_1":13,"pants_2":5,"makeup_2":10,"eyebrows_1":0,"bracelets_1":-1,"shoes_2":0,"moles_1":5,"blemishes_1":0,"chest_1":0,"chain_2":2,"makeup_1":15,"helmet_1":83,"ears_2":0,"decals_2":0,"blush_3":0,"makeup_3":0,"pants_1":27,"complexion_2":0,"arms_2":0,"lipstick_4":0,"beard_4":0,"bags_1":0,"ears_1":-1,"helmet_2":0,"chest_3":0,"glasses_2":0,"beard_1":0,"lipstick_2":10,"tshirt_1":15,"bproof_2":0,"eyebrows_3":0,"shoes_1":85,"moles_2":10},"label":"Corset,bonepants,helmet"}]}'),
	(6, 'property', 'steam:110000107003f3f', '{}'),
	(7, 'property', 'steam:1100001032256b2', '{}'),
	(8, 'property', 'steam:110000106a4b350', '{}'),
	(9, 'property', 'steam:110000101a7a8ea', '{}'),
	(10, 'property', 'steam:11000010400b1fc', '{}'),
	(11, 'property', 'steam:110000101536738', '{}'),
	(12, 'property', 'steam:110000106a296fa', '{}'),
	(13, 'property', 'steam:110000107cad5a4', '{}'),
	(14, 'property', 'steam:11000010a7a16c3', '{}'),
	(15, 'property', 'steam:11000010a295d61', '{}'),
	(16, 'property', 'steam:110000106f7ce3f', '{}'),
	(17, 'property', 'steam:110000115c03b52', '{}'),
	(18, 'property', 'steam:11000010c14682d', '{"dressing":[{"label":"Casual","skin":{"moles_1":0,"complexion_2":0,"makeup_3":0,"chest_3":0,"moles_2":0,"lipstick_1":0,"lipstick_4":0,"sex":0,"beard_4":0,"blush_1":0,"makeup_4":0,"shoes_2":0,"beard_2":10,"watches_1":1,"blush_2":0,"bodyb_1":0,"bproof_2":0,"makeup_1":0,"ears_2":0,"arms_2":0,"chest_2":0,"watches_2":0,"lipstick_3":0,"ears_1":-1,"chain_1":31,"pants_1":13,"blemishes_2":0,"beard_1":10,"eyebrows_2":10,"torso_2":2,"age_1":0,"mask_1":0,"eyebrows_1":4,"hair_color_1":6,"blush_3":0,"hair_2":0,"bags_1":0,"pants_2":0,"hair_color_2":0,"helmet_2":0,"complexion_1":0,"bodyb_2":0,"tshirt_1":15,"shoes_1":2,"bracelets_1":6,"skin":4,"mask_2":0,"tshirt_2":0,"glasses_2":1,"hair_1":16,"bags_2":0,"makeup_2":0,"bproof_1":0,"arms":11,"eyebrows_3":0,"helmet_1":-1,"chain_2":1,"sun_2":0,"lipstick_2":0,"eyebrows_4":0,"chest_1":0,"blemishes_1":0,"age_2":0,"decals_1":0,"bracelets_2":0,"glasses_1":9,"sun_1":0,"eye_color":2,"decals_2":0,"beard_3":5,"face":8,"torso_1":13}}]}'),
	(19, 'property', 'steam:110000100a219d0', '{}'),
	(20, 'property', 'steam:11000010cd31807', '{}'),
	(21, 'property', 'steam:110000103965729', '{}'),
	(22, 'property', 'steam:110000103ea8d0b', '{}'),
	(23, 'property', 'steam:110000104ea15d1', '{}'),
	(24, 'property', 'steam:1100001095b72f7', '{"weapons":[{"name":"WEAPON_CROWBAR","ammo":0},{"name":"WEAPON_KNIFE","ammo":0},{"name":"WEAPON_NIGHTSTICK","ammo":0},{"name":"WEAPON_RAILGUN","ammo":17},{"name":"WEAPON_MARKSMANPISTOL","ammo":250},{"name":"WEAPON_MINIGUN","ammo":250},{"name":"WEAPON_FLARE","ammo":25},{"name":"GADGET_PARACHUTE","ammo":0},{"name":"WEAPON_FLASHLIGHT","ammo":0},{"name":"WEAPON_DBSHOTGUN","ammo":250},{"name":"WEAPON_SWITCHBLADE","ammo":0},{"name":"WEAPON_MACHETE","ammo":0},{"name":"WEAPON_HATCHET","ammo":0},{"name":"WEAPON_KNUCKLE","ammo":0},{"name":"WEAPON_FLAREGUN","ammo":20},{"name":"WEAPON_SNOWBALL","ammo":10},{"name":"WEAPON_COMBATPISTOL","ammo":0},{"name":"WEAPON_PISTOL","ammo":0},{"name":"WEAPON_PISTOL50","ammo":0},{"name":"WEAPON_REVOLVER","ammo":0},{"name":"WEAPON_HEAVYPISTOL","ammo":0},{"name":"WEAPON_MACHINEPISTOL","ammo":233},{"name":"WEAPON_ASSAULTSMG","ammo":233},{"name":"WEAPON_PUMPSHOTGUN","ammo":0},{"name":"WEAPON_SAWNOFFSHOTGUN","ammo":0},{"name":"WEAPON_CARBINERIFLE","ammo":0},{"name":"WEAPON_SNIPERRIFLE","ammo":249},{"name":"WEAPON_COMBATPDW","ammo":0},{"name":"WEAPON_ADVANCEDRIFLE","ammo":0},{"name":"WEAPON_GUSENBERG","ammo":250},{"name":"WEAPON_COMBATMG","ammo":250},{"name":"WEAPON_ASSAULTSHOTGUN","ammo":0},{"name":"WEAPON_BULLPUPSHOTGUN","ammo":0},{"name":"WEAPON_HAMMER","ammo":0},{"name":"WEAPON_BAT","ammo":0},{"name":"WEAPON_BAT","ammo":0},{"name":"WEAPON_GOLFCLUB","ammo":0},{"name":"WEAPON_GOLFCLUB","ammo":0},{"name":"WEAPON_APPISTOL","ammo":0},{"name":"WEAPON_APPISTOL","ammo":0},{"name":"WEAPON_SNSPISTOL","ammo":0},{"name":"WEAPON_SNSPISTOL","ammo":0},{"name":"WEAPON_VINTAGEPISTOL","ammo":0},{"name":"WEAPON_VINTAGEPISTOL","ammo":0},{"name":"WEAPON_MICROSMG","ammo":0},{"name":"WEAPON_MICROSMG","ammo":0},{"name":"WEAPON_SMG","ammo":0},{"name":"WEAPON_HEAVYSHOTGUN","ammo":0},{"name":"WEAPON_HEAVYSHOTGUN","ammo":0},{"name":"WEAPON_SPECIALCARBINE","ammo":0},{"name":"WEAPON_SPECIALCARBINE","ammo":0},{"name":"WEAPON_BULLPUPRIFLE","ammo":0},{"name":"WEAPON_BULLPUPRIFLE","ammo":0},{"name":"WEAPON_COMPACTRIFLE","ammo":0},{"name":"WEAPON_COMPACTRIFLE","ammo":0},{"name":"WEAPON_MG","ammo":0},{"name":"WEAPON_MG","ammo":0},{"name":"WEAPON_HEAVYSNIPER","ammo":0},{"name":"WEAPON_HEAVYSNIPER","ammo":0},{"name":"WEAPON_MARKSMANRIFLE","ammo":0},{"name":"WEAPON_MARKSMANRIFLE","ammo":0},{"name":"WEAPON_GRENADELAUNCHER","ammo":20},{"name":"WEAPON_GRENADELAUNCHER","ammo":20},{"name":"WEAPON_RPG","ammo":20},{"name":"WEAPON_STINGER","ammo":20},{"name":"WEAPON_GRENADE","ammo":21},{"name":"WEAPON_GRENADE","ammo":21},{"name":"WEAPON_STICKYBOMB","ammo":20},{"name":"WEAPON_STICKYBOMB","ammo":20},{"name":"WEAPON_SMOKEGRENADE","ammo":25},{"name":"WEAPON_BZGAS","ammo":25},{"name":"WEAPON_BZGAS","ammo":25},{"name":"WEAPON_MOLOTOV","ammo":23},{"name":"WEAPON_MOLOTOV","ammo":23},{"name":"WEAPON_FIREEXTINGUISHER","ammo":2000},{"name":"WEAPON_FIREEXTINGUISHER","ammo":2000},{"name":"WEAPON_PETROLCAN","ammo":4500},{"name":"WEAPON_PETROLCAN","ammo":4500},{"name":"WEAPON_BALL","ammo":0},{"name":"WEAPON_BOTTLE","ammo":0},{"name":"WEAPON_DAGGER","ammo":0},{"name":"WEAPON_DAGGER","ammo":0},{"name":"WEAPON_FIREWORK","ammo":20},{"name":"WEAPON_FIREWORK","ammo":20},{"name":"WEAPON_MUSKET","ammo":0},{"name":"WEAPON_MUSKET","ammo":0},{"name":"WEAPON_STUNGUN","ammo":250},{"name":"WEAPON_STUNGUN","ammo":250},{"name":"WEAPON_HOMINGLAUNCHER","ammo":10},{"name":"WEAPON_HOMINGLAUNCHER","ammo":10},{"name":"WEAPON_PROXMINE","ammo":2},{"name":"WEAPON_SMG","ammo":0}]}'),
	(25, 'property', 'steam:11000011d0c9c1c', '{}'),
	(26, 'property', 'steam:110000111aa29f1', '{}'),
	(27, 'property', 'steam:11000011390f910', '{}'),
	(28, 'property', 'steam:1100001121f80f4', '{}'),
	(29, 'property', 'steam:11000011c6dbc6b', '{}'),
	(30, 'property', 'steam:11000010b6bcd0e', '{}'),
	(31, 'property', 'steam:110000110bc416a', '{}'),
	(32, 'property', 'steam:110000112e8a7c2', '{}'),
	(33, 'property', 'steam:11000010ef49b2d', '{}'),
	(34, 'property', 'steam:11000011404588c', '{}'),
	(35, 'property', 'steam:110000105bb5ee8', '{}'),
	(36, 'property', 'steam:11000011214e91c', '{}'),
	(37, 'property', 'steam:11000010be66d11', '{}'),
	(38, 'property', 'steam:11000010c61da90', '{}'),
	(39, 'property', 'steam:11000010681534d', '{}'),
	(40, 'property', 'steam:1100001043c3079', '{}'),
	(41, 'property', 'steam:11000010bf88d2b', '{}'),
	(42, 'property', 'steam:11000010e3b5e0a', '{}'),
	(43, 'property', 'steam:1100001112c3168', '{}'),
	(44, 'property', 'steam:11000010c837347', '{}'),
	(45, 'property', 'steam:110000100eeba3a', '{}'),
	(46, 'property', 'steam:11000010495355a', '{}'),
	(47, 'property', 'steam:1100001076ef413', '{}'),
	(48, 'property', 'steam:110000104592b08', '{}'),
	(49, 'property', 'steam:110000113af0075', '{}'),
	(50, 'property', 'steam:11000011653861b', '{}'),
	(51, 'property', 'steam:1100001073dda0b', '{}'),
	(52, 'property', 'steam:110000108a3b05e', '{}'),
	(53, 'property', 'steam:1100001041cf2f7', '{}'),
	(54, 'property', 'steam:11000010f49a2a4', '{}'),
	(55, 'property', 'steam:11000010480d0d2', '{}'),
	(56, 'property', 'steam:11000010e9f4cad', '{}'),
	(57, 'property', 'steam:11000010780fcb2', '{}'),
	(58, 'property', 'steam:110000106ae3653', '{}'),
	(59, 'property', 'steam:110000103f0a3a1', '{}'),
	(60, 'property', 'steam:11000011131a78e', '{}'),
	(61, 'property', 'steam:110000105ae120c', '{}'),
	(62, 'property', 'steam:110000105f9d1e1', '{}'),
	(63, 'property', 'steam:110000102def17a', '{}'),
	(64, 'property', 'steam:110000105ee37bc', '{}'),
	(65, 'property', 'steam:1100001069e90ec', '{}'),
	(66, 'property', 'steam:1100001025368dd', '{"dressing":[{"skin":{"makeup_4":0,"blush_3":0,"pants_2":0,"blush_2":0,"chain_2":0,"sun_1":0,"shoes_2":0,"tshirt_2":0,"mask_2":0,"age_2":0,"decals_2":0,"sex":0,"tshirt_1":81,"makeup_2":0,"complexion_1":0,"hair_2":0,"beard_3":0,"bproof_1":0,"beard_1":0,"beard_4":0,"watches_1":-1,"bags_2":0,"blush_1":0,"ears_2":0,"eyebrows_1":0,"glasses_2":0,"arms_2":0,"face":0,"mask_1":0,"chain_1":17,"moles_2":0,"lipstick_2":0,"eyebrows_2":0,"chest_3":0,"pants_1":1,"eyebrows_4":0,"torso_2":0,"lipstick_4":0,"bproof_2":0,"blemishes_2":0,"skin":0,"torso_1":157,"eye_color":0,"arms":0,"age_1":0,"eyebrows_3":0,"makeup_1":0,"sun_2":0,"shoes_1":7,"chest_2":0,"hair_1":0,"hair_color_1":0,"makeup_3":0,"moles_1":0,"decals_1":0,"lipstick_1":0,"beard_2":0,"bracelets_2":0,"ears_1":-1,"chest_1":0,"blemishes_1":0,"helmet_1":-1,"glasses_1":0,"complexion_2":0,"bags_1":0,"watches_2":0,"bodyb_2":0,"helmet_2":0,"bracelets_1":-1,"hair_color_2":0,"lipstick_3":0,"bodyb_1":0},"label":"mc"},{"label":"mcboots","skin":{"makeup_4":0,"blush_3":0,"bracelets_2":0,"blush_2":0,"chain_2":0,"sun_1":0,"shoes_2":0,"sun_2":0,"mask_2":0,"age_2":0,"decals_2":0,"sex":0,"tshirt_1":81,"makeup_2":0,"complexion_1":0,"moles_1":0,"beard_3":0,"lipstick_3":0,"beard_1":7,"beard_4":0,"watches_1":-1,"bags_2":0,"blush_1":0,"hair_1":3,"eyebrows_1":0,"glasses_2":0,"arms_2":0,"face":0,"mask_1":0,"chain_1":17,"moles_2":0,"lipstick_2":0,"eyebrows_2":0,"chest_3":0,"pants_1":33,"eyebrows_4":0,"torso_2":0,"lipstick_4":0,"bproof_2":0,"blemishes_2":0,"skin":0,"torso_1":157,"eye_color":0,"arms":0,"eyebrows_3":0,"makeup_3":0,"makeup_1":0,"lipstick_1":0,"shoes_1":24,"chest_2":0,"bproof_1":0,"hair_color_1":0,"ears_2":1,"tshirt_2":0,"decals_1":0,"age_1":0,"beard_2":10,"blemishes_1":0,"ears_1":5,"chest_1":0,"helmet_1":-1,"pants_2":0,"glasses_1":0,"complexion_2":0,"bags_1":0,"watches_2":0,"bodyb_2":0,"helmet_2":0,"bracelets_1":-1,"hair_color_2":0,"hair_2":0,"bodyb_1":0}}],"weapons":[]}'),
	(67, 'property', 'steam:11000010dc09b12', '{}'),
	(68, 'property', 'steam:110000139d015e8', '{}'),
	(69, 'property', 'steam:11000010ae36824', '{}'),
	(70, 'property', 'steam:1100001073f15ac', '{}'),
	(71, 'property', 'steam:11000010188f986', '{"dressing":[{"skin":{"sun_2":0,"hair_color_2":0,"sex":0,"lipstick_1":0,"bproof_1":0,"chest_2":0,"hair_1":19,"eyebrows_4":26,"makeup_4":0,"lipstick_2":0,"bodyb_1":0,"mask_2":0,"lipstick_3":0,"bracelets_2":0,"age_1":0,"beard_2":10,"decals_1":0,"helmet_2":0,"eye_color":0,"beard_3":0,"blush_2":0,"arms":0,"eyebrows_2":10,"tshirt_2":0,"glasses_1":17,"blemishes_2":0,"bags_2":0,"blush_3":0,"sun_1":0,"torso_2":1,"mask_1":0,"hair_2":3,"bodyb_2":0,"blush_1":0,"skin":0,"complexion_1":0,"hair_color_1":3,"chain_1":0,"watches_2":0,"makeup_2":0,"torso_1":21,"age_2":0,"eyebrows_1":33,"bracelets_1":-1,"decals_2":0,"blemishes_1":0,"chest_1":0,"chest_3":0,"chain_2":0,"makeup_1":0,"bproof_2":0,"ears_2":0,"shoes_2":1,"lipstick_4":0,"makeup_3":0,"pants_1":10,"complexion_2":0,"beard_4":0,"beard_1":11,"helmet_1":-1,"moles_1":0,"ears_1":-1,"pants_2":2,"tshirt_1":49,"face":0,"glasses_2":5,"bags_1":0,"watches_1":-1,"arms_2":0,"eyebrows_3":26,"shoes_1":36,"moles_2":0},"label":"Festligt"},{"label":"Stek","skin":{"sun_2":0,"hair_color_2":0,"sex":0,"lipstick_1":0,"bproof_1":0,"chest_2":0,"hair_1":19,"eyebrows_4":26,"makeup_4":0,"watches_1":-1,"bodyb_1":0,"mask_2":0,"lipstick_3":0,"bracelets_2":0,"hair_color_1":3,"beard_2":10,"decals_1":0,"face":0,"eye_color":0,"beard_3":0,"blush_2":0,"arms":11,"eyebrows_2":10,"tshirt_2":0,"glasses_1":17,"blemishes_2":0,"bags_2":0,"age_2":0,"sun_1":0,"arms_2":0,"mask_1":0,"hair_2":3,"bodyb_2":0,"blush_1":0,"skin":0,"complexion_1":0,"decals_2":0,"chain_1":0,"watches_2":0,"chest_3":0,"torso_1":21,"makeup_2":0,"eyebrows_1":33,"bracelets_1":-1,"torso_2":0,"shoes_2":3,"beard_1":11,"chest_1":0,"chain_2":0,"makeup_1":0,"helmet_1":-1,"ears_2":0,"blush_3":0,"blemishes_1":0,"makeup_3":0,"pants_1":20,"complexion_2":0,"lipstick_4":0,"beard_4":0,"age_1":0,"moles_1":0,"ears_1":-1,"pants_2":0,"glasses_2":5,"tshirt_1":49,"lipstick_2":0,"bags_1":0,"helmet_2":0,"bproof_2":0,"shoes_1":36,"eyebrows_3":26,"moles_2":0}},{"skin":{"sun_2":0,"hair_color_2":0,"sex":0,"lipstick_1":0,"bproof_1":0,"chest_2":0,"pants_2":10,"eyebrows_4":26,"makeup_4":0,"watches_1":-1,"bodyb_1":0,"mask_2":0,"lipstick_3":0,"bracelets_2":0,"hair_color_1":3,"beard_2":10,"decals_1":0,"face":0,"eye_color":0,"beard_3":0,"blush_2":0,"arms":29,"eyebrows_2":10,"tshirt_2":0,"glasses_1":5,"blemishes_2":0,"bags_2":0,"age_2":0,"sun_1":0,"beard_4":0,"mask_1":0,"hair_2":3,"bodyb_2":0,"blush_1":0,"skin":0,"complexion_1":0,"arms_2":0,"chain_1":79,"watches_2":0,"blush_3":0,"torso_1":157,"shoes_2":0,"eyebrows_1":33,"bracelets_1":-1,"makeup_2":0,"moles_1":0,"decals_2":0,"chest_3":0,"chain_2":0,"makeup_1":0,"helmet_1":-1,"ears_2":0,"blemishes_1":0,"torso_2":1,"makeup_3":0,"pants_1":105,"complexion_2":0,"lipstick_4":0,"shoes_1":38,"beard_1":11,"age_1":0,"ears_1":-1,"tshirt_1":15,"hair_1":19,"glasses_2":6,"chest_1":0,"lipstick_2":0,"bproof_2":0,"bags_1":0,"eyebrows_3":26,"helmet_2":0,"moles_2":0},"label":"biker"}]}'),
	(72, 'property', 'steam:1100001066d171c', '{}'),
	(73, 'property', 'steam:11000010457bd98', '{}'),
	(74, 'property', 'steam:110000109eeac8e', '{}'),
	(75, 'property', 'steam:110000104437a45', '{}'),
	(76, 'property', 'steam:11000010053205c', '{}'),
	(77, 'property', 'steam:110000116b06d46', '{}'),
	(78, 'property', 'steam:1100001065b69c3', '{}'),
	(79, 'property', 'steam:1100001007ca702', '{}'),
	(80, 'property', 'steam:11000010632f9b5', '{}'),
	(81, 'property', 'steam:110000108c1c25f', '{}'),
	(82, 'property', 'steam:110000106e6abb7', '{}'),
	(83, 'property', 'steam:110000110c65246', '{}'),
	(84, 'property', 'steam:11000010bf7bb73', '{}'),
	(85, 'property', 'steam:110000108c9037a', '{}');
/*!40000 ALTER TABLE `datastore_data` ENABLE KEYS */;

-- Dumping structure for table strp.fine_types
CREATE TABLE IF NOT EXISTS `fine_types` (
  `id` int(11) NOT NULL AUTO_INCREMENT,
  `label` varchar(255) DEFAULT NULL,
  `amount` int(11) DEFAULT NULL,
  `category` int(11) DEFAULT NULL,
  PRIMARY KEY (`id`)
) ENGINE=InnoDB AUTO_INCREMENT=53 DEFAULT CHARSET=latin1;

-- Dumping data for table strp.fine_types: ~52 rows (approximately)
/*!40000 ALTER TABLE `fine_types` DISABLE KEYS */;
INSERT INTO `fine_types` (`id`, `label`, `amount`, `category`) VALUES
	(1, 'Misuse of a horn', 30, 0),
	(2, 'Illegally Crossing a continuous Line', 40, 0),
	(3, 'Driving on the wrong side of the road', 250, 0),
	(4, 'Illegal U-Turn', 250, 0),
	(5, 'Illegally Driving Off-road', 170, 0),
	(6, 'Refusing a Lawful Command', 30, 0),
	(7, 'Illegally Stopping a Vehicle', 150, 0),
	(8, 'Illegal Parking', 70, 0),
	(9, 'Failing to Yield to the right', 70, 0),
	(10, 'Failure to comply with Vehicle Information', 90, 0),
	(11, 'Failing to stop at a Stop Sign ', 105, 0),
	(12, 'Failing to stop at a Red Light', 130, 0),
	(13, 'Illegal Passing', 100, 0),
	(14, 'Driving an illegal Vehicle', 100, 0),
	(15, 'Driving without a License', 1500, 0),
	(16, 'Hit and Run', 800, 0),
	(17, 'Exceeding Speeds Over < 5 mph', 90, 0),
	(18, 'Exceeding Speeds Over 5-15 mph', 120, 0),
	(19, 'Exceeding Speeds Over 15-30 mph', 180, 0),
	(20, 'Exceeding Speeds Over > 30 mph', 300, 0),
	(21, 'Impeding traffic flow', 110, 1),
	(22, 'Public Intoxication', 90, 1),
	(23, 'Disorderly conduct', 90, 1),
	(24, 'Obstruction of Justice', 130, 1),
	(25, 'Insults towards Civilans', 75, 1),
	(26, 'Disrespecting of an LEO', 110, 1),
	(27, 'Verbal Threat towards a Civilan', 90, 1),
	(28, 'Verbal Threat towards an LEO', 150, 1),
	(29, 'Providing False Information', 250, 1),
	(30, 'Attempt of Corruption', 1500, 1),
	(31, 'Brandishing a weapon in city Limits', 120, 2),
	(32, 'Brandishing a Lethal Weapon in city Limits', 300, 2),
	(33, 'No Firearms License', 600, 2),
	(34, 'Possession of an Illegal Weapon', 700, 2),
	(35, 'Possession of Burglary Tools', 300, 2),
	(36, 'Grand Theft Auto', 1800, 2),
	(37, 'Intent to Sell/Distrube of an illegal Substance', 1500, 2),
	(38, 'Frabrication of an Illegal Substance', 1500, 2),
	(39, 'Possession of an Illegal Substance ', 650, 2),
	(40, 'Kidnapping of a Civilan', 1500, 2),
	(41, 'Kidnapping of an LEO', 2000, 2),
	(42, 'Robbery', 650, 2),
	(43, 'Armed Robbery of a Store', 650, 2),
	(44, 'Armed Robbery of a Bank', 1500, 2),
	(45, 'Assault on a Civilian', 2000, 3),
	(46, 'Assault of an LEO', 2500, 3),
	(47, 'Attempt of Murder of a Civilian', 3000, 3),
	(48, 'Attempt of Murder of an LEO', 5000, 3),
	(49, 'Murder of a Civilian', 10000, 3),
	(50, 'Murder of an LEO', 30000, 3),
	(51, 'Involuntary manslaughter', 1800, 3),
	(52, 'Fraud', 2000, 2);
/*!40000 ALTER TABLE `fine_types` ENABLE KEYS */;

-- Dumping structure for table strp.items
CREATE TABLE IF NOT EXISTS `items` (
  `name` varchar(50) NOT NULL,
  `label` varchar(50) NOT NULL,
  `limit` int(11) NOT NULL DEFAULT '-1',
  `rare` int(11) NOT NULL DEFAULT '0',
  `can_remove` int(11) NOT NULL DEFAULT '1',
  PRIMARY KEY (`name`)
) ENGINE=InnoDB DEFAULT CHARSET=latin1;

-- Dumping data for table strp.items: ~20 rows (approximately)
/*!40000 ALTER TABLE `items` DISABLE KEYS */;
INSERT INTO `items` (`name`, `label`, `limit`, `rare`, `can_remove`) VALUES
	('bandage', 'Bandage', 20, 0, 1),
	('blowpipe', 'blowpipe', 10, 0, 1),
	('cannabis', 'Cannabis', 40, 0, 1),
	('carokit', 'Body repair kit', 3, 0, 1),
	('carotool', 'Body repair tools', 4, 0, 1),
	('fish', 'Fish', 100, 0, 1),
	('fishbait', 'Fish Bait', 30, 0, 1),
	('fishingknife', 'Fishing Knife', 1, 0, 1),
	('fishingrod', 'Fishing Rod', 2, 0, 1),
	('fixkit', 'Repair kit', 5, 0, 1),
	('fixtool', 'Repair tools', 6, 0, 1),
	('gazbottle', 'Gas bottle', 11, 0, 1),
	('grapes', 'Grapes', 50, 0, 1),
	('lockpick', 'Lockpick', 3, 0, 1),
	('marijuana', 'Marijuana', 14, 0, 1),
	('medikit', 'Medikit', 5, 0, 1),
	('shark', 'Shark', -1, 0, 1),
	('turtle', 'Sea Turtle', 3, 0, 1),
	('turtlebait', 'Turtle Bait', 10, 0, 1),
	('wine', 'Marlowe Wine', 20, 0, 1);
/*!40000 ALTER TABLE `items` ENABLE KEYS */;

-- Dumping structure for table strp.jobs
CREATE TABLE IF NOT EXISTS `jobs` (
  `name` varchar(50) NOT NULL,
  `label` varchar(50) DEFAULT NULL,
  `whitelisted` tinyint(1) NOT NULL DEFAULT '0',
  PRIMARY KEY (`name`)
) ENGINE=InnoDB DEFAULT CHARSET=latin1;

-- Dumping data for table strp.jobs: ~9 rows (approximately)
/*!40000 ALTER TABLE `jobs` DISABLE KEYS */;
INSERT INTO `jobs` (`name`, `label`, `whitelisted`) VALUES
	('ambulance', 'Ambulance', 0),
	('cardealer', 'Car Dealer', 0),
	('lostmc', 'Lost MC', 0),
	('mechanic', 'Mechanic', 0),
	('police', 'LSPD', 0),
	('taxi', 'Taxi', 0),
	('triads', 'Triads', 0),
	('unemployed', 'Unemployed', 0),
	('vagos', 'Vagos', 0);
/*!40000 ALTER TABLE `jobs` ENABLE KEYS */;

-- Dumping structure for table strp.job_grades
CREATE TABLE IF NOT EXISTS `job_grades` (
  `id` int(11) NOT NULL AUTO_INCREMENT,
  `job_name` varchar(50) DEFAULT NULL,
  `grade` int(11) NOT NULL,
  `name` varchar(50) NOT NULL,
  `label` varchar(50) NOT NULL,
  `salary` int(11) NOT NULL,
  `skin_male` longtext NOT NULL,
  `skin_female` longtext NOT NULL,
  PRIMARY KEY (`id`)
) ENGINE=InnoDB AUTO_INCREMENT=33 DEFAULT CHARSET=latin1;

-- Dumping data for table strp.job_grades: ~32 rows (approximately)
/*!40000 ALTER TABLE `job_grades` DISABLE KEYS */;
INSERT INTO `job_grades` (`id`, `job_name`, `grade`, `name`, `label`, `salary`, `skin_male`, `skin_female`) VALUES
	(1, 'unemployed', 0, 'unemployed', 'Unemployed', 200, '{}', '{}'),
	(2, 'police', 0, 'cadet', 'Cadet', 20, '{}', '{}'),
	(3, 'police', 1, 'officer', 'Officer', 40, '{}', '{}'),
	(4, 'police', 2, 'detective', 'Detective', 60, '{}', '{}'),
	(5, 'police', 3, 'corporal', 'Corporal', 85, '{}', '{}'),
	(6, 'police', 4, 'sergeant', 'Sergeant', 105, '{}', '{}'),
	(7, 'cardealer', 0, 'recruit', 'Recrue', 10, '{}', '{}'),
	(8, 'cardealer', 1, 'novice', 'Novice', 25, '{}', '{}'),
	(9, 'cardealer', 2, 'experienced', 'Experimente', 40, '{}', '{}'),
	(10, 'cardealer', 3, 'boss', 'Patron', 0, '{}', '{}'),
	(11, 'ambulance', 0, 'ambulance', 'Ambulancier', 600, '{"tshirt_2":0,"hair_color_1":5,"glasses_2":3,"shoes":9,"torso_2":3,"hair_color_2":0,"pants_1":24,"glasses_1":4,"hair_1":2,"sex":0,"decals_2":0,"tshirt_1":15,"helmet_1":8,"helmet_2":0,"arms":92,"face":19,"decals_1":60,"torso_1":13,"hair_2":0,"skin":34,"pants_2":5}', '{"tshirt_2":3,"decals_2":0,"glasses":0,"hair_1":2,"torso_1":73,"shoes":1,"hair_color_2":0,"glasses_1":19,"skin":13,"face":6,"pants_2":5,"tshirt_1":75,"pants_1":37,"helmet_1":57,"torso_2":0,"arms":14,"sex":1,"glasses_2":0,"decals_1":0,"hair_2":0,"helmet_2":0,"hair_color_1":0}'),
	(12, 'ambulance', 1, 'doctor', 'Medecin', 800, '{"tshirt_2":0,"hair_color_1":5,"glasses_2":3,"shoes":9,"torso_2":3,"hair_color_2":0,"pants_1":24,"glasses_1":4,"hair_1":2,"sex":0,"decals_2":0,"tshirt_1":15,"helmet_1":8,"helmet_2":0,"arms":92,"face":19,"decals_1":60,"torso_1":13,"hair_2":0,"skin":34,"pants_2":5}', '{"tshirt_2":3,"decals_2":0,"glasses":0,"hair_1":2,"torso_1":73,"shoes":1,"hair_color_2":0,"glasses_1":19,"skin":13,"face":6,"pants_2":5,"tshirt_1":75,"pants_1":37,"helmet_1":57,"torso_2":0,"arms":14,"sex":1,"glasses_2":0,"decals_1":0,"hair_2":0,"helmet_2":0,"hair_color_1":0}'),
	(13, 'ambulance', 2, 'chief_doctor', 'Medecin-chef', 1000, '{"tshirt_2":0,"hair_color_1":5,"glasses_2":3,"shoes":9,"torso_2":3,"hair_color_2":0,"pants_1":24,"glasses_1":4,"hair_1":2,"sex":0,"decals_2":0,"tshirt_1":15,"helmet_1":8,"helmet_2":0,"arms":92,"face":19,"decals_1":60,"torso_1":13,"hair_2":0,"skin":34,"pants_2":5}', '{"tshirt_2":3,"decals_2":0,"glasses":0,"hair_1":2,"torso_1":73,"shoes":1,"hair_color_2":0,"glasses_1":19,"skin":13,"face":6,"pants_2":5,"tshirt_1":75,"pants_1":37,"helmet_1":57,"torso_2":0,"arms":14,"sex":1,"glasses_2":0,"decals_1":0,"hair_2":0,"helmet_2":0,"hair_color_1":0}'),
	(14, 'ambulance', 3, 'boss', 'Chirurgien', 1200, '{"tshirt_2":0,"hair_color_1":5,"glasses_2":3,"shoes":9,"torso_2":3,"hair_color_2":0,"pants_1":24,"glasses_1":4,"hair_1":2,"sex":0,"decals_2":0,"tshirt_1":15,"helmet_1":8,"helmet_2":0,"arms":92,"face":19,"decals_1":60,"torso_1":13,"hair_2":0,"skin":34,"pants_2":5}', '{"tshirt_2":3,"decals_2":0,"glasses":0,"hair_1":2,"torso_1":73,"shoes":1,"hair_color_2":0,"glasses_1":19,"skin":13,"face":6,"pants_2":5,"tshirt_1":75,"pants_1":37,"helmet_1":57,"torso_2":0,"arms":14,"sex":1,"glasses_2":0,"decals_1":0,"hair_2":0,"helmet_2":0,"hair_color_1":0}'),
	(15, 'taxi', 0, 'recrue', 'Recrue', 12, '{"hair_2":0,"hair_color_2":0,"torso_1":32,"bags_1":0,"helmet_2":0,"chain_2":0,"eyebrows_3":0,"makeup_3":0,"makeup_2":0,"tshirt_1":31,"makeup_1":0,"bags_2":0,"makeup_4":0,"eyebrows_4":0,"chain_1":0,"lipstick_4":0,"bproof_2":0,"hair_color_1":0,"decals_2":0,"pants_2":0,"age_2":0,"glasses_2":0,"ears_2":0,"arms":27,"lipstick_1":0,"ears_1":-1,"mask_2":0,"sex":0,"lipstick_3":0,"helmet_1":-1,"shoes_2":0,"beard_2":0,"beard_1":0,"lipstick_2":0,"beard_4":0,"glasses_1":0,"bproof_1":0,"mask_1":0,"decals_1":1,"hair_1":0,"eyebrows_2":0,"beard_3":0,"age_1":0,"tshirt_2":0,"skin":0,"torso_2":0,"eyebrows_1":0,"face":0,"shoes_1":10,"pants_1":24}', '{"hair_2":0,"hair_color_2":0,"torso_1":57,"bags_1":0,"helmet_2":0,"chain_2":0,"eyebrows_3":0,"makeup_3":0,"makeup_2":0,"tshirt_1":38,"makeup_1":0,"bags_2":0,"makeup_4":0,"eyebrows_4":0,"chain_1":0,"lipstick_4":0,"bproof_2":0,"hair_color_1":0,"decals_2":0,"pants_2":1,"age_2":0,"glasses_2":0,"ears_2":0,"arms":21,"lipstick_1":0,"ears_1":-1,"mask_2":0,"sex":1,"lipstick_3":0,"helmet_1":-1,"shoes_2":0,"beard_2":0,"beard_1":0,"lipstick_2":0,"beard_4":0,"glasses_1":5,"bproof_1":0,"mask_1":0,"decals_1":1,"hair_1":0,"eyebrows_2":0,"beard_3":0,"age_1":0,"tshirt_2":0,"skin":0,"torso_2":0,"eyebrows_1":0,"face":0,"shoes_1":49,"pants_1":11}'),
	(16, 'taxi', 1, 'novice', 'Novice', 24, '{"hair_2":0,"hair_color_2":0,"torso_1":32,"bags_1":0,"helmet_2":0,"chain_2":0,"eyebrows_3":0,"makeup_3":0,"makeup_2":0,"tshirt_1":31,"makeup_1":0,"bags_2":0,"makeup_4":0,"eyebrows_4":0,"chain_1":0,"lipstick_4":0,"bproof_2":0,"hair_color_1":0,"decals_2":0,"pants_2":0,"age_2":0,"glasses_2":0,"ears_2":0,"arms":27,"lipstick_1":0,"ears_1":-1,"mask_2":0,"sex":0,"lipstick_3":0,"helmet_1":-1,"shoes_2":0,"beard_2":0,"beard_1":0,"lipstick_2":0,"beard_4":0,"glasses_1":0,"bproof_1":0,"mask_1":0,"decals_1":1,"hair_1":0,"eyebrows_2":0,"beard_3":0,"age_1":0,"tshirt_2":0,"skin":0,"torso_2":0,"eyebrows_1":0,"face":0,"shoes_1":10,"pants_1":24}', '{"hair_2":0,"hair_color_2":0,"torso_1":57,"bags_1":0,"helmet_2":0,"chain_2":0,"eyebrows_3":0,"makeup_3":0,"makeup_2":0,"tshirt_1":38,"makeup_1":0,"bags_2":0,"makeup_4":0,"eyebrows_4":0,"chain_1":0,"lipstick_4":0,"bproof_2":0,"hair_color_1":0,"decals_2":0,"pants_2":1,"age_2":0,"glasses_2":0,"ears_2":0,"arms":21,"lipstick_1":0,"ears_1":-1,"mask_2":0,"sex":1,"lipstick_3":0,"helmet_1":-1,"shoes_2":0,"beard_2":0,"beard_1":0,"lipstick_2":0,"beard_4":0,"glasses_1":5,"bproof_1":0,"mask_1":0,"decals_1":1,"hair_1":0,"eyebrows_2":0,"beard_3":0,"age_1":0,"tshirt_2":0,"skin":0,"torso_2":0,"eyebrows_1":0,"face":0,"shoes_1":49,"pants_1":11}'),
	(17, 'taxi', 2, 'experimente', 'Experimente', 36, '{"hair_2":0,"hair_color_2":0,"torso_1":26,"bags_1":0,"helmet_2":0,"chain_2":0,"eyebrows_3":0,"makeup_3":0,"makeup_2":0,"tshirt_1":57,"makeup_1":0,"bags_2":0,"makeup_4":0,"eyebrows_4":0,"chain_1":0,"lipstick_4":0,"bproof_2":0,"hair_color_1":0,"decals_2":0,"pants_2":4,"age_2":0,"glasses_2":0,"ears_2":0,"arms":11,"lipstick_1":0,"ears_1":-1,"mask_2":0,"sex":0,"lipstick_3":0,"helmet_1":-1,"shoes_2":0,"beard_2":0,"beard_1":0,"lipstick_2":0,"beard_4":0,"glasses_1":0,"bproof_1":0,"mask_1":0,"decals_1":0,"hair_1":0,"eyebrows_2":0,"beard_3":0,"age_1":0,"tshirt_2":0,"skin":0,"torso_2":0,"eyebrows_1":0,"face":0,"shoes_1":10,"pants_1":24}', '{"hair_2":0,"hair_color_2":0,"torso_1":57,"bags_1":0,"helmet_2":0,"chain_2":0,"eyebrows_3":0,"makeup_3":0,"makeup_2":0,"tshirt_1":38,"makeup_1":0,"bags_2":0,"makeup_4":0,"eyebrows_4":0,"chain_1":0,"lipstick_4":0,"bproof_2":0,"hair_color_1":0,"decals_2":0,"pants_2":1,"age_2":0,"glasses_2":0,"ears_2":0,"arms":21,"lipstick_1":0,"ears_1":-1,"mask_2":0,"sex":1,"lipstick_3":0,"helmet_1":-1,"shoes_2":0,"beard_2":0,"beard_1":0,"lipstick_2":0,"beard_4":0,"glasses_1":5,"bproof_1":0,"mask_1":0,"decals_1":1,"hair_1":0,"eyebrows_2":0,"beard_3":0,"age_1":0,"tshirt_2":0,"skin":0,"torso_2":0,"eyebrows_1":0,"face":0,"shoes_1":49,"pants_1":11}'),
	(18, 'taxi', 3, 'uber', 'Uber', 48, '{"hair_2":0,"hair_color_2":0,"torso_1":26,"bags_1":0,"helmet_2":0,"chain_2":0,"eyebrows_3":0,"makeup_3":0,"makeup_2":0,"tshirt_1":57,"makeup_1":0,"bags_2":0,"makeup_4":0,"eyebrows_4":0,"chain_1":0,"lipstick_4":0,"bproof_2":0,"hair_color_1":0,"decals_2":0,"pants_2":4,"age_2":0,"glasses_2":0,"ears_2":0,"arms":11,"lipstick_1":0,"ears_1":-1,"mask_2":0,"sex":0,"lipstick_3":0,"helmet_1":-1,"shoes_2":0,"beard_2":0,"beard_1":0,"lipstick_2":0,"beard_4":0,"glasses_1":0,"bproof_1":0,"mask_1":0,"decals_1":0,"hair_1":0,"eyebrows_2":0,"beard_3":0,"age_1":0,"tshirt_2":0,"skin":0,"torso_2":0,"eyebrows_1":0,"face":0,"shoes_1":10,"pants_1":24}', '{"hair_2":0,"hair_color_2":0,"torso_1":57,"bags_1":0,"helmet_2":0,"chain_2":0,"eyebrows_3":0,"makeup_3":0,"makeup_2":0,"tshirt_1":38,"makeup_1":0,"bags_2":0,"makeup_4":0,"eyebrows_4":0,"chain_1":0,"lipstick_4":0,"bproof_2":0,"hair_color_1":0,"decals_2":0,"pants_2":1,"age_2":0,"glasses_2":0,"ears_2":0,"arms":21,"lipstick_1":0,"ears_1":-1,"mask_2":0,"sex":1,"lipstick_3":0,"helmet_1":-1,"shoes_2":0,"beard_2":0,"beard_1":0,"lipstick_2":0,"beard_4":0,"glasses_1":5,"bproof_1":0,"mask_1":0,"decals_1":1,"hair_1":0,"eyebrows_2":0,"beard_3":0,"age_1":0,"tshirt_2":0,"skin":0,"torso_2":0,"eyebrows_1":0,"face":0,"shoes_1":49,"pants_1":11}'),
	(19, 'taxi', 4, 'boss', 'Patron', 0, '{"hair_2":0,"hair_color_2":0,"torso_1":29,"bags_1":0,"helmet_2":0,"chain_2":0,"eyebrows_3":0,"makeup_3":0,"makeup_2":0,"tshirt_1":31,"makeup_1":0,"bags_2":0,"makeup_4":0,"eyebrows_4":0,"chain_1":0,"lipstick_4":0,"bproof_2":0,"hair_color_1":0,"decals_2":0,"pants_2":4,"age_2":0,"glasses_2":0,"ears_2":0,"arms":1,"lipstick_1":0,"ears_1":-1,"mask_2":0,"sex":0,"lipstick_3":0,"helmet_1":-1,"shoes_2":0,"beard_2":0,"beard_1":0,"lipstick_2":0,"beard_4":0,"glasses_1":0,"bproof_1":0,"mask_1":0,"decals_1":0,"hair_1":0,"eyebrows_2":0,"beard_3":0,"age_1":0,"tshirt_2":0,"skin":0,"torso_2":4,"eyebrows_1":0,"face":0,"shoes_1":10,"pants_1":24}', '{"hair_2":0,"hair_color_2":0,"torso_1":57,"bags_1":0,"helmet_2":0,"chain_2":0,"eyebrows_3":0,"makeup_3":0,"makeup_2":0,"tshirt_1":38,"makeup_1":0,"bags_2":0,"makeup_4":0,"eyebrows_4":0,"chain_1":0,"lipstick_4":0,"bproof_2":0,"hair_color_1":0,"decals_2":0,"pants_2":1,"age_2":0,"glasses_2":0,"ears_2":0,"arms":21,"lipstick_1":0,"ears_1":-1,"mask_2":0,"sex":1,"lipstick_3":0,"helmet_1":-1,"shoes_2":0,"beard_2":0,"beard_1":0,"lipstick_2":0,"beard_4":0,"glasses_1":5,"bproof_1":0,"mask_1":0,"decals_1":1,"hair_1":0,"eyebrows_2":0,"beard_3":0,"age_1":0,"tshirt_2":0,"skin":0,"torso_2":0,"eyebrows_1":0,"face":0,"shoes_1":49,"pants_1":11}'),
	(20, 'mechanic', 0, 'recrue', 'Recrue', 12, '{}', '{}'),
	(21, 'mechanic', 1, 'novice', 'Novice', 24, '{}', '{}'),
	(22, 'mechanic', 2, 'experimente', 'Experimente', 36, '{}', '{}'),
	(23, 'mechanic', 3, 'chief', 'Chef d\'équipe', 48, '{}', '{}'),
	(24, 'mechanic', 4, 'boss', 'Patron', 0, '{}', '{}'),
	(25, 'police', 5, 'staffsergeant', 'Staff Sergeant', 110, '{}', '{}'),
	(26, 'police', 6, 'lieutenant', 'Lieutenant', 115, '{}', '{}'),
	(27, 'police', 7, 'captain', 'Captain', 120, '{}', '{}'),
	(28, 'police', 8, 'commander', 'Commander', 125, '{}', '{}'),
	(29, 'police', 9, 'chiefofpolice', 'Chief Of Police', 130, '{}', '{}'),
	(30, 'vagos', 0, 'recruit', 'Recruit', 0, '{}', '{}'),
	(31, 'lostmc', 0, 'recruit', 'Recruit', 0, '{}', '{}'),
	(32, 'triads', 0, 'recruit', 'Recruit', 0, '{}', '{}');
/*!40000 ALTER TABLE `job_grades` ENABLE KEYS */;

-- Dumping structure for table strp.licenses
CREATE TABLE IF NOT EXISTS `licenses` (
  `type` varchar(60) NOT NULL,
  `label` varchar(60) NOT NULL,
  PRIMARY KEY (`type`)
) ENGINE=InnoDB DEFAULT CHARSET=latin1;

-- Dumping data for table strp.licenses: ~6 rows (approximately)
/*!40000 ALTER TABLE `licenses` DISABLE KEYS */;
INSERT INTO `licenses` (`type`, `label`) VALUES
	('dmv', 'Driving Permit'),
	('drive', 'Drivers Licence'),
	('drive_bike', 'Motorbike Licence'),
	('drive_truck', 'Commercial Drivers Licence'),
	('weapon', 'Carry permit'),
	('weed_processing', 'Weed Processing License');
/*!40000 ALTER TABLE `licenses` ENABLE KEYS */;

-- Dumping structure for table strp.owned_properties
CREATE TABLE IF NOT EXISTS `owned_properties` (
  `id` int(11) NOT NULL AUTO_INCREMENT,
  `name` varchar(255) NOT NULL,
  `price` double NOT NULL,
  `rented` int(11) NOT NULL,
  `owner` varchar(60) NOT NULL,
  PRIMARY KEY (`id`)
) ENGINE=InnoDB AUTO_INCREMENT=14 DEFAULT CHARSET=latin1;

-- Dumping data for table strp.owned_properties: ~8 rows (approximately)
/*!40000 ALTER TABLE `owned_properties` DISABLE KEYS */;
INSERT INTO `owned_properties` (`id`, `name`, `price`, `rented`, `owner`) VALUES
	(1, 'LowEndApartment', 2813, 1, 'steam:11000010181f7dc'),
	(3, 'TinselTowersApt12', 8500, 1, 'steam:1100001076ef413'),
	(5, 'OldSpiceClassical', 25000, 1, 'steam:110000113af0075'),
	(6, 'HillcrestAvenue2874', 1500000, 0, 'steam:110000113a28bfb'),
	(7, 'LowEndApartment', 562500, 0, 'steam:110000113a28bfb'),
	(9, 'LowEndApartment', 562500, 0, 'steam:110000105bb5ee8'),
	(11, 'LowEndApartment', 2813, 1, 'steam:1100001066d171c'),
	(13, 'TinselTowersApt12', 8500, 1, 'steam:1100001095b72f7');
/*!40000 ALTER TABLE `owned_properties` ENABLE KEYS */;

-- Dumping structure for table strp.owned_vehicles
CREATE TABLE IF NOT EXISTS `owned_vehicles` (
  `owner` varchar(22) NOT NULL,
  `state` tinyint(1) NOT NULL DEFAULT '0' COMMENT 'Vehicle state',
  `plate` varchar(12) NOT NULL,
  `vehicle` longtext,
  `type` varchar(20) NOT NULL DEFAULT 'car',
  `job` varchar(20) NOT NULL DEFAULT 'none',
  `stored` tinyint(1) NOT NULL DEFAULT '0',
  `fourrieremecano` tinyint(1) NOT NULL DEFAULT '0',
  `vehiclename` varchar(50) NOT NULL DEFAULT 'voiture',
  PRIMARY KEY (`plate`),
  KEY `vehsowned` (`owner`)
) ENGINE=InnoDB DEFAULT CHARSET=latin1;

-- Dumping data for table strp.owned_vehicles: ~0 rows (approximately)
/*!40000 ALTER TABLE `owned_vehicles` DISABLE KEYS */;
/*!40000 ALTER TABLE `owned_vehicles` ENABLE KEYS */;

-- Dumping structure for table strp.playerstattoos
CREATE TABLE IF NOT EXISTS `playerstattoos` (
  `id` int(11) NOT NULL AUTO_INCREMENT,
  `identifier` varchar(255) NOT NULL,
  `tattoos` longtext NOT NULL,
  PRIMARY KEY (`id`)
) ENGINE=InnoDB AUTO_INCREMENT=83 DEFAULT CHARSET=utf8mb4;

-- Dumping data for table strp.playerstattoos: ~82 rows (approximately)
/*!40000 ALTER TABLE `playerstattoos` DISABLE KEYS */;
INSERT INTO `playerstattoos` (`id`, `identifier`, `tattoos`) VALUES
	(1, 'steam:11000010181f7dc', '[]'),
	(2, 'steam:1100001032256b2', '[]'),
	(3, 'steam:110000113a28bfb', '[{"texture":23,"collection":"mpbusiness_overlays"},{"texture":8,"collection":"mphipster_overlays"},{"texture":24,"collection":"mphipster_overlays"},{"texture":27,"collection":"mpbeach_overlays"},{"texture":26,"collection":"mpbusiness_overlays"},{"texture":18,"collection":"mpbusiness_overlays"},{"texture":1,"collection":"mphipster_overlays"},{"texture":2,"collection":"mphipster_overlays"},{"texture":3,"collection":"mphipster_overlays"},{"texture":40,"collection":"mphipster_overlays"},{"texture":40,"collection":"mphipster_overlays"}]'),
	(4, 'steam:110000107003f3f', '[]'),
	(5, 'steam:110000106a4b350', '[]'),
	(6, 'steam:110000101a7a8ea', '[]'),
	(7, 'steam:11000010400b1fc', '[]'),
	(8, 'steam:110000101536738', '[]'),
	(9, 'steam:110000106a296fa', '[{"texture":5,"collection":"mpbeach_overlays"},{"texture":24,"collection":"mphipster_overlays"}]'),
	(10, 'steam:110000107cad5a4', '[]'),
	(11, 'steam:11000010a7a16c3', '[]'),
	(12, 'steam:11000010a295d61', '[]'),
	(13, 'steam:110000106f7ce3f', '[{"texture":1,"collection":"mpbeach_overlays"}]'),
	(14, 'steam:110000115c03b52', '[]'),
	(15, 'steam:11000010c14682d', '[{"texture":14,"collection":"mpbeach_overlays"},{"texture":7,"collection":"mpbusiness_overlays"},{"texture":8,"collection":"mpbusiness_overlays"}]'),
	(16, 'steam:110000100a219d0', '[]'),
	(17, 'steam:11000010cd31807', '[]'),
	(18, 'steam:110000103965729', '[]'),
	(19, 'steam:110000103ea8d0b', '[]'),
	(20, 'steam:110000104ea15d1', '[]'),
	(21, 'steam:1100001095b72f7', '[]'),
	(22, 'steam:11000011d0c9c1c', '[]'),
	(23, 'steam:110000111aa29f1', '[]'),
	(24, 'steam:11000011390f910', '[]'),
	(25, 'steam:1100001121f80f4', '[]'),
	(26, 'steam:11000011c6dbc6b', '[]'),
	(27, 'steam:11000010b6bcd0e', '[]'),
	(28, 'steam:110000110bc416a', '[]'),
	(29, 'steam:110000112e8a7c2', '[]'),
	(30, 'steam:11000010ef49b2d', '[{"texture":22,"collection":"mpbusiness_overlays"},{"texture":26,"collection":"mpbeach_overlays"},{"texture":8,"collection":"mpbusiness_overlays"}]'),
	(31, 'steam:11000011404588c', '[]'),
	(32, 'steam:110000105bb5ee8', '[{"collection":"mpbeach_overlays","texture":6},{"collection":"mpbusiness_overlays","texture":1},{"collection":"mpbusiness_overlays","texture":22},{"collection":"mphipster_overlays","texture":49},{"collection":"mpbeach_overlays","texture":6}]'),
	(33, 'steam:11000011214e91c', '[]'),
	(34, 'steam:11000010be66d11', '[]'),
	(35, 'steam:11000010c61da90', '[]'),
	(36, 'steam:11000010681534d', '[]'),
	(37, 'steam:1100001043c3079', '[]'),
	(38, 'steam:11000010bf88d2b', '[]'),
	(39, 'steam:11000010e3b5e0a', '[]'),
	(40, 'steam:1100001112c3168', '[]'),
	(41, 'steam:11000010c837347', '[]'),
	(42, 'steam:110000100eeba3a', '[]'),
	(43, 'steam:1100001076ef413', '[]'),
	(44, 'steam:11000010495355a', '[]'),
	(45, 'steam:110000104592b08', '[]'),
	(46, 'steam:110000113af0075', '[]'),
	(47, 'steam:11000011653861b', '[]'),
	(48, 'steam:1100001073dda0b', '[]'),
	(49, 'steam:110000108a3b05e', '[]'),
	(50, 'steam:1100001041cf2f7', '[]'),
	(51, 'steam:11000010f49a2a4', '[]'),
	(52, 'steam:11000010480d0d2', '[]'),
	(53, 'steam:11000010e9f4cad', '[]'),
	(54, 'steam:11000010780fcb2', '[]'),
	(55, 'steam:110000106ae3653', '[]'),
	(56, 'steam:110000103f0a3a1', '[]'),
	(57, 'steam:11000011131a78e', '[]'),
	(58, 'steam:110000105ae120c', '[]'),
	(59, 'steam:110000105f9d1e1', '[]'),
	(60, 'steam:110000102def17a', '[]'),
	(61, 'steam:110000105ee37bc', '[]'),
	(62, 'steam:1100001069e90ec', '[]'),
	(63, 'steam:1100001025368dd', '[{"texture":7,"collection":"mpbusiness_overlays"},{"texture":8,"collection":"mphipster_overlays"},{"texture":40,"collection":"mphipster_overlays"},{"texture":2,"collection":"mpbeach_overlays"},{"texture":3,"collection":"mpbusiness_overlays"},{"texture":3,"collection":"mpbusiness_overlays"},{"texture":8,"collection":"mpbusiness_overlays"},{"texture":6,"collection":"mpbusiness_overlays"},{"texture":11,"collection":"mpbusiness_overlays"},{"texture":9,"collection":"mpbusiness_overlays"},{"texture":21,"collection":"mpbusiness_overlays"}]'),
	(64, 'steam:11000010dc09b12', '[]'),
	(65, 'steam:110000139d015e8', '[]'),
	(66, 'steam:11000010ae36824', '[]'),
	(67, 'steam:1100001073f15ac', '[]'),
	(68, 'steam:11000010188f986', '[{"texture":11,"collection":"mphipster_overlays"},{"texture":18,"collection":"mphipster_overlays"},{"texture":1,"collection":"mpbusiness_overlays"},{"texture":8,"collection":"mpbusiness_overlays"},{"texture":25,"collection":"mpbeach_overlays"},{"texture":3,"collection":"mpbusiness_overlays"},{"texture":4,"collection":"mpbusiness_overlays"},{"texture":5,"collection":"mpbusiness_overlays"},{"texture":21,"collection":"mpbusiness_overlays"},{"texture":6,"collection":"mpbusiness_overlays"},{"texture":16,"collection":"mpbusiness_overlays"},{"texture":15,"collection":"mpbeach_overlays"},{"texture":25,"collection":"mpbeach_overlays"},{"texture":25,"collection":"mpbeach_overlays"},{"texture":25,"collection":"mpbeach_overlays"},{"texture":3,"collection":"mpbusiness_overlays"},{"texture":6,"collection":"mpbusiness_overlays"},{"texture":12,"collection":"mpbusiness_overlays"},{"texture":16,"collection":"mpbusiness_overlays"},{"texture":19,"collection":"mpbusiness_overlays"},{"texture":2,"collection":"mphipster_overlays"},{"texture":2,"collection":"mphipster_overlays"},{"texture":2,"collection":"mphipster_overlays"},{"texture":4,"collection":"mphipster_overlays"},{"texture":4,"collection":"mphipster_overlays"},{"texture":4,"collection":"mphipster_overlays"},{"texture":6,"collection":"mphipster_overlays"},{"texture":6,"collection":"mphipster_overlays"},{"texture":6,"collection":"mphipster_overlays"},{"texture":6,"collection":"mphipster_overlays"},{"texture":8,"collection":"mphipster_overlays"},{"texture":11,"collection":"mphipster_overlays"},{"texture":17,"collection":"mphipster_overlays"},{"texture":34,"collection":"mphipster_overlays"},{"texture":34,"collection":"mphipster_overlays"},{"texture":35,"collection":"mphipster_overlays"},{"texture":35,"collection":"mphipster_overlays"},{"collection":"mphipster_overlays","texture":15},{"collection":"mphipster_overlays","texture":21},{"collection":"mphipster_overlays","texture":21},{"collection":"mpbeach_overlays","texture":19},{"collection":"mpbusiness_overlays","texture":18},{"collection":"mpbusiness_overlays","texture":23}]'),
	(69, 'steam:1100001066d171c', '[]'),
	(70, 'steam:11000010457bd98', '[]'),
	(71, 'steam:110000109eeac8e', '[]'),
	(72, 'steam:110000104437a45', '[]'),
	(73, 'steam:11000010053205c', '[]'),
	(74, 'steam:110000116b06d46', '[]'),
	(75, 'steam:1100001065b69c3', '[]'),
	(76, 'steam:1100001007ca702', '[]'),
	(77, 'steam:11000010632f9b5', '[]'),
	(78, 'steam:110000108c1c25f', '[]'),
	(79, 'steam:110000106e6abb7', '[]'),
	(80, 'steam:110000110c65246', '[]'),
	(81, 'steam:11000010bf7bb73', '[]'),
	(82, 'steam:110000108c9037a', '[]');
/*!40000 ALTER TABLE `playerstattoos` ENABLE KEYS */;

-- Dumping structure for table strp.properties
CREATE TABLE IF NOT EXISTS `properties` (
  `id` int(11) NOT NULL AUTO_INCREMENT,
  `name` varchar(255) DEFAULT NULL,
  `label` varchar(255) DEFAULT NULL,
  `entering` varchar(255) DEFAULT NULL,
  `exit` varchar(255) DEFAULT NULL,
  `inside` varchar(255) DEFAULT NULL,
  `outside` varchar(255) DEFAULT NULL,
  `ipls` varchar(255) DEFAULT '[]',
  `gateway` varchar(255) DEFAULT NULL,
  `is_single` int(11) DEFAULT NULL,
  `is_room` int(11) DEFAULT NULL,
  `is_gateway` int(11) DEFAULT NULL,
  `room_menu` varchar(255) DEFAULT NULL,
  `price` int(11) NOT NULL,
  PRIMARY KEY (`id`)
) ENGINE=InnoDB AUTO_INCREMENT=73 DEFAULT CHARSET=latin1;

-- Dumping data for table strp.properties: ~72 rows (approximately)
/*!40000 ALTER TABLE `properties` DISABLE KEYS */;
INSERT INTO `properties` (`id`, `name`, `label`, `entering`, `exit`, `inside`, `outside`, `ipls`, `gateway`, `is_single`, `is_room`, `is_gateway`, `room_menu`, `price`) VALUES
	(1, 'WhispymoundDrive', '2677 Whispymound Drive', '{"y":564.89,"z":182.959,"x":119.384}', '{"x":117.347,"y":559.506,"z":183.304}', '{"y":557.032,"z":183.301,"x":118.037}', '{"y":567.798,"z":182.131,"x":119.249}', '[]', NULL, 1, 1, 0, '{"x":118.748,"y":566.573,"z":175.697}', 1500000),
	(2, 'NorthConkerAvenue2045', '2045 North Conker Avenue', '{"x":372.796,"y":428.327,"z":144.685}', '{"x":373.548,"y":422.982,"z":144.907},', '{"y":420.075,"z":145.904,"x":372.161}', '{"x":372.454,"y":432.886,"z":143.443}', '[]', NULL, 1, 1, 0, '{"x":377.349,"y":429.422,"z":137.3}', 1500000),
	(3, 'RichardMajesticApt2', 'Richard Majestic, Apt 2', '{"y":-379.165,"z":37.961,"x":-936.363}', '{"y":-365.476,"z":113.274,"x":-913.097}', '{"y":-367.637,"z":113.274,"x":-918.022}', '{"y":-382.023,"z":37.961,"x":-943.626}', '[]', NULL, 1, 1, 0, '{"x":-927.554,"y":-377.744,"z":112.674}', 1700000),
	(4, 'NorthConkerAvenue2044', '2044 North Conker Avenue', '{"y":440.8,"z":146.702,"x":346.964}', '{"y":437.456,"z":148.394,"x":341.683}', '{"y":435.626,"z":148.394,"x":339.595}', '{"x":350.535,"y":443.329,"z":145.764}', '[]', NULL, 1, 1, 0, '{"x":337.726,"y":436.985,"z":140.77}', 1500000),
	(5, 'WildOatsDrive', '3655 Wild Oats Drive', '{"y":502.696,"z":136.421,"x":-176.003}', '{"y":497.817,"z":136.653,"x":-174.349}', '{"y":495.069,"z":136.666,"x":-173.331}', '{"y":506.412,"z":135.0664,"x":-177.927}', '[]', NULL, 1, 1, 0, '{"x":-174.725,"y":493.095,"z":129.043}', 1500000),
	(6, 'HillcrestAvenue2862', '2862 Hillcrest Avenue', '{"y":596.58,"z":142.641,"x":-686.554}', '{"y":591.988,"z":144.392,"x":-681.728}', '{"y":590.608,"z":144.392,"x":-680.124}', '{"y":599.019,"z":142.059,"x":-689.492}', '[]', NULL, 1, 1, 0, '{"x":-680.46,"y":588.6,"z":136.769}', 1500000),
	(7, 'LowEndApartment', 'Appartement de base', '{"y":-1078.735,"z":28.4031,"x":292.528}', '{"y":-1007.152,"z":-102.002,"x":265.845}', '{"y":-1002.802,"z":-100.008,"x":265.307}', '{"y":-1078.669,"z":28.401,"x":296.738}', '[]', NULL, 1, 1, 0, '{"x":265.916,"y":-999.38,"z":-100.008}', 562500),
	(8, 'MadWayneThunder', '2113 Mad Wayne Thunder', '{"y":454.955,"z":96.462,"x":-1294.433}', '{"x":-1289.917,"y":449.541,"z":96.902}', '{"y":446.322,"z":96.899,"x":-1289.642}', '{"y":455.453,"z":96.517,"x":-1298.851}', '[]', NULL, 1, 1, 0, '{"x":-1287.306,"y":455.901,"z":89.294}', 1500000),
	(9, 'HillcrestAvenue2874', '2874 Hillcrest Avenue', '{"x":-853.346,"y":696.678,"z":147.782}', '{"y":690.875,"z":151.86,"x":-859.961}', '{"y":688.361,"z":151.857,"x":-859.395}', '{"y":701.628,"z":147.773,"x":-855.007}', '[]', NULL, 1, 1, 0, '{"x":-858.543,"y":697.514,"z":144.253}', 1500000),
	(10, 'HillcrestAvenue2868', '2868 Hillcrest Avenue', '{"y":620.494,"z":141.588,"x":-752.82}', '{"y":618.62,"z":143.153,"x":-759.317}', '{"y":617.629,"z":143.153,"x":-760.789}', '{"y":621.281,"z":141.254,"x":-750.919}', '[]', NULL, 1, 1, 0, '{"x":-762.504,"y":618.992,"z":135.53}', 1500000),
	(11, 'TinselTowersApt12', 'Tinsel Towers, Apt 42', '{"y":37.025,"z":42.58,"x":-618.299}', '{"y":58.898,"z":97.2,"x":-603.301}', '{"y":58.941,"z":97.2,"x":-608.741}', '{"y":30.603,"z":42.524,"x":-620.017}', '[]', NULL, 1, 1, 0, '{"x":-622.173,"y":54.585,"z":96.599}', 1700000),
	(12, 'MiltonDrive', 'Milton Drive', '{"x":-775.17,"y":312.01,"z":84.658}', NULL, NULL, '{"x":-775.346,"y":306.776,"z":84.7}', '[]', NULL, 0, 0, 1, NULL, 0),
	(13, 'Modern1Apartment', 'Appartement Moderne 1', NULL, '{"x":-784.194,"y":323.636,"z":210.997}', '{"x":-779.751,"y":323.385,"z":210.997}', NULL, '["apa_v_mp_h_01_a"]', 'MiltonDrive', 0, 1, 0, '{"x":-766.661,"y":327.672,"z":210.396}', 1300000),
	(14, 'Modern2Apartment', 'Appartement Moderne 2', NULL, '{"x":-786.8663,"y":315.764,"z":186.913}', '{"x":-781.808,"y":315.866,"z":186.913}', NULL, '["apa_v_mp_h_01_c"]', 'MiltonDrive', 0, 1, 0, '{"x":-795.735,"y":326.757,"z":186.313}', 1300000),
	(15, 'Modern3Apartment', 'Appartement Moderne 3', NULL, '{"x":-774.012,"y":342.042,"z":195.686}', '{"x":-779.057,"y":342.063,"z":195.686}', NULL, '["apa_v_mp_h_01_b"]', 'MiltonDrive', 0, 1, 0, '{"x":-765.386,"y":330.782,"z":195.08}', 1300000),
	(16, 'Mody1Apartment', 'Appartement Mode 1', NULL, '{"x":-784.194,"y":323.636,"z":210.997}', '{"x":-779.751,"y":323.385,"z":210.997}', NULL, '["apa_v_mp_h_02_a"]', 'MiltonDrive', 0, 1, 0, '{"x":-766.615,"y":327.878,"z":210.396}', 1300000),
	(17, 'Mody2Apartment', 'Appartement Mode 2', NULL, '{"x":-786.8663,"y":315.764,"z":186.913}', '{"x":-781.808,"y":315.866,"z":186.913}', NULL, '["apa_v_mp_h_02_c"]', 'MiltonDrive', 0, 1, 0, '{"x":-795.297,"y":327.092,"z":186.313}', 1300000),
	(18, 'Mody3Apartment', 'Appartement Mode 3', NULL, '{"x":-774.012,"y":342.042,"z":195.686}', '{"x":-779.057,"y":342.063,"z":195.686}', NULL, '["apa_v_mp_h_02_b"]', 'MiltonDrive', 0, 1, 0, '{"x":-765.303,"y":330.932,"z":195.085}', 1300000),
	(19, 'Vibrant1Apartment', 'Appartement Vibrant 1', NULL, '{"x":-784.194,"y":323.636,"z":210.997}', '{"x":-779.751,"y":323.385,"z":210.997}', NULL, '["apa_v_mp_h_03_a"]', 'MiltonDrive', 0, 1, 0, '{"x":-765.885,"y":327.641,"z":210.396}', 1300000),
	(20, 'Vibrant2Apartment', 'Appartement Vibrant 2', NULL, '{"x":-786.8663,"y":315.764,"z":186.913}', '{"x":-781.808,"y":315.866,"z":186.913}', NULL, '["apa_v_mp_h_03_c"]', 'MiltonDrive', 0, 1, 0, '{"x":-795.607,"y":327.344,"z":186.313}', 1300000),
	(21, 'Vibrant3Apartment', 'Appartement Vibrant 3', NULL, '{"x":-774.012,"y":342.042,"z":195.686}', '{"x":-779.057,"y":342.063,"z":195.686}', NULL, '["apa_v_mp_h_03_b"]', 'MiltonDrive', 0, 1, 0, '{"x":-765.525,"y":330.851,"z":195.085}', 1300000),
	(22, 'Sharp1Apartment', 'Appartement Persan 1', NULL, '{"x":-784.194,"y":323.636,"z":210.997}', '{"x":-779.751,"y":323.385,"z":210.997}', NULL, '["apa_v_mp_h_04_a"]', 'MiltonDrive', 0, 1, 0, '{"x":-766.527,"y":327.89,"z":210.396}', 1300000),
	(23, 'Sharp2Apartment', 'Appartement Persan 2', NULL, '{"x":-786.8663,"y":315.764,"z":186.913}', '{"x":-781.808,"y":315.866,"z":186.913}', NULL, '["apa_v_mp_h_04_c"]', 'MiltonDrive', 0, 1, 0, '{"x":-795.642,"y":326.497,"z":186.313}', 1300000),
	(24, 'Sharp3Apartment', 'Appartement Persan 3', NULL, '{"x":-774.012,"y":342.042,"z":195.686}', '{"x":-779.057,"y":342.063,"z":195.686}', NULL, '["apa_v_mp_h_04_b"]', 'MiltonDrive', 0, 1, 0, '{"x":-765.503,"y":331.318,"z":195.085}', 1300000),
	(25, 'Monochrome1Apartment', 'Appartement Monochrome 1', NULL, '{"x":-784.194,"y":323.636,"z":210.997}', '{"x":-779.751,"y":323.385,"z":210.997}', NULL, '["apa_v_mp_h_05_a"]', 'MiltonDrive', 0, 1, 0, '{"x":-766.289,"y":328.086,"z":210.396}', 1300000),
	(26, 'Monochrome2Apartment', 'Appartement Monochrome 2', NULL, '{"x":-786.8663,"y":315.764,"z":186.913}', '{"x":-781.808,"y":315.866,"z":186.913}', NULL, '["apa_v_mp_h_05_c"]', 'MiltonDrive', 0, 1, 0, '{"x":-795.692,"y":326.762,"z":186.313}', 1300000),
	(27, 'Monochrome3Apartment', 'Appartement Monochrome 3', NULL, '{"x":-774.012,"y":342.042,"z":195.686}', '{"x":-779.057,"y":342.063,"z":195.686}', NULL, '["apa_v_mp_h_05_b"]', 'MiltonDrive', 0, 1, 0, '{"x":-765.094,"y":330.976,"z":195.085}', 1300000),
	(28, 'Seductive1Apartment', 'Appartement Séduisant 1', NULL, '{"x":-784.194,"y":323.636,"z":210.997}', '{"x":-779.751,"y":323.385,"z":210.997}', NULL, '["apa_v_mp_h_06_a"]', 'MiltonDrive', 0, 1, 0, '{"x":-766.263,"y":328.104,"z":210.396}', 1300000),
	(29, 'Seductive2Apartment', 'Appartement Séduisant 2', NULL, '{"x":-786.8663,"y":315.764,"z":186.913}', '{"x":-781.808,"y":315.866,"z":186.913}', NULL, '["apa_v_mp_h_06_c"]', 'MiltonDrive', 0, 1, 0, '{"x":-795.655,"y":326.611,"z":186.313}', 1300000),
	(30, 'Seductive3Apartment', 'Appartement Séduisant 3', NULL, '{"x":-774.012,"y":342.042,"z":195.686}', '{"x":-779.057,"y":342.063,"z":195.686}', NULL, '["apa_v_mp_h_06_b"]', 'MiltonDrive', 0, 1, 0, '{"x":-765.3,"y":331.414,"z":195.085}', 1300000),
	(31, 'Regal1Apartment', 'Appartement Régal 1', NULL, '{"x":-784.194,"y":323.636,"z":210.997}', '{"x":-779.751,"y":323.385,"z":210.997}', NULL, '["apa_v_mp_h_07_a"]', 'MiltonDrive', 0, 1, 0, '{"x":-765.956,"y":328.257,"z":210.396}', 1300000),
	(32, 'Regal2Apartment', 'Appartement Régal 2', NULL, '{"x":-786.8663,"y":315.764,"z":186.913}', '{"x":-781.808,"y":315.866,"z":186.913}', NULL, '["apa_v_mp_h_07_c"]', 'MiltonDrive', 0, 1, 0, '{"x":-795.545,"y":326.659,"z":186.313}', 1300000),
	(33, 'Regal3Apartment', 'Appartement Régal 3', NULL, '{"x":-774.012,"y":342.042,"z":195.686}', '{"x":-779.057,"y":342.063,"z":195.686}', NULL, '["apa_v_mp_h_07_b"]', 'MiltonDrive', 0, 1, 0, '{"x":-765.087,"y":331.429,"z":195.123}', 1300000),
	(34, 'Aqua1Apartment', 'Appartement Aqua 1', NULL, '{"x":-784.194,"y":323.636,"z":210.997}', '{"x":-779.751,"y":323.385,"z":210.997}', NULL, '["apa_v_mp_h_08_a"]', 'MiltonDrive', 0, 1, 0, '{"x":-766.187,"y":328.47,"z":210.396}', 1300000),
	(35, 'Aqua2Apartment', 'Appartement Aqua 2', NULL, '{"x":-786.8663,"y":315.764,"z":186.913}', '{"x":-781.808,"y":315.866,"z":186.913}', NULL, '["apa_v_mp_h_08_c"]', 'MiltonDrive', 0, 1, 0, '{"x":-795.658,"y":326.563,"z":186.313}', 1300000),
	(36, 'Aqua3Apartment', 'Appartement Aqua 3', NULL, '{"x":-774.012,"y":342.042,"z":195.686}', '{"x":-779.057,"y":342.063,"z":195.686}', NULL, '["apa_v_mp_h_08_b"]', 'MiltonDrive', 0, 1, 0, '{"x":-765.287,"y":331.084,"z":195.086}', 1300000),
	(37, 'IntegrityWay', '4 Integrity Way', '{"x":-47.804,"y":-585.867,"z":36.956}', NULL, NULL, '{"x":-54.178,"y":-583.762,"z":35.798}', '[]', NULL, 0, 0, 1, NULL, 0),
	(38, 'IntegrityWay28', '4 Integrity Way - Apt 28', NULL, '{"x":-31.409,"y":-594.927,"z":79.03}', '{"x":-26.098,"y":-596.909,"z":79.03}', NULL, '[]', 'IntegrityWay', 0, 1, 0, '{"x":-11.923,"y":-597.083,"z":78.43}', 1700000),
	(39, 'IntegrityWay30', '4 Integrity Way - Apt 30', NULL, '{"x":-17.702,"y":-588.524,"z":89.114}', '{"x":-16.21,"y":-582.569,"z":89.114}', NULL, '[]', 'IntegrityWay', 0, 1, 0, '{"x":-26.327,"y":-588.384,"z":89.123}', 1700000),
	(40, 'DellPerroHeights', 'Dell Perro Heights', '{"x":-1447.06,"y":-538.28,"z":33.74}', NULL, NULL, '{"x":-1440.022,"y":-548.696,"z":33.74}', '[]', NULL, 0, 0, 1, NULL, 0),
	(41, 'DellPerroHeightst4', 'Dell Perro Heights - Apt 28', NULL, '{"x":-1452.125,"y":-540.591,"z":73.044}', '{"x":-1455.435,"y":-535.79,"z":73.044}', NULL, '[]', 'DellPerroHeights', 0, 1, 0, '{"x":-1467.058,"y":-527.571,"z":72.443}', 1700000),
	(42, 'DellPerroHeightst7', 'Dell Perro Heights - Apt 30', NULL, '{"x":-1451.562,"y":-523.535,"z":55.928}', '{"x":-1456.02,"y":-519.209,"z":55.929}', NULL, '[]', 'DellPerroHeights', 0, 1, 0, '{"x":-1457.026,"y":-530.219,"z":55.937}', 1700000),
	(43, 'MazeBankBuilding', 'Maze Bank Building', '{"x":-79.18,"y":-795.92,"z":43.35}', NULL, NULL, '{"x":-72.50,"y":-786.92,"z":43.40}', '[]', NULL, 0, 0, 1, NULL, 0),
	(44, 'OldSpiceWarm', 'Old Spice Warm', NULL, '{"x":-75.69,"y":-827.08,"z":242.43}', '{"x":-75.51,"y":-823.90,"z":242.43}', NULL, '["ex_dt1_11_office_01a"]', 'MazeBankBuilding', 0, 1, 0, '{"x":-71.81,"y":-814.34,"z":242.39}', 5000000),
	(45, 'OldSpiceClassical', 'Old Spice Classical', NULL, '{"x":-75.69,"y":-827.08,"z":242.43}', '{"x":-75.51,"y":-823.90,"z":242.43}', NULL, '["ex_dt1_11_office_01b"]', 'MazeBankBuilding', 0, 1, 0, '{"x":-71.81,"y":-814.34,"z":242.39}', 5000000),
	(46, 'OldSpiceVintage', 'Old Spice Vintage', NULL, '{"x":-75.69,"y":-827.08,"z":242.43}', '{"x":-75.51,"y":-823.90,"z":242.43}', NULL, '["ex_dt1_11_office_01c"]', 'MazeBankBuilding', 0, 1, 0, '{"x":-71.81,"y":-814.34,"z":242.39}', 5000000),
	(47, 'ExecutiveRich', 'Executive Rich', NULL, '{"x":-75.69,"y":-827.08,"z":242.43}', '{"x":-75.51,"y":-823.90,"z":242.43}', NULL, '["ex_dt1_11_office_02b"]', 'MazeBankBuilding', 0, 1, 0, '{"x":-71.81,"y":-814.34,"z":242.39}', 5000000),
	(48, 'ExecutiveCool', 'Executive Cool', NULL, '{"x":-75.69,"y":-827.08,"z":242.43}', '{"x":-75.51,"y":-823.90,"z":242.43}', NULL, '["ex_dt1_11_office_02c"]', 'MazeBankBuilding', 0, 1, 0, '{"x":-71.81,"y":-814.34,"z":242.39}', 5000000),
	(49, 'ExecutiveContrast', 'Executive Contrast', NULL, '{"x":-75.69,"y":-827.08,"z":242.43}', '{"x":-75.51,"y":-823.90,"z":242.43}', NULL, '["ex_dt1_11_office_02a"]', 'MazeBankBuilding', 0, 1, 0, '{"x":-71.81,"y":-814.34,"z":242.39}', 5000000),
	(50, 'PowerBrokerIce', 'Power Broker Ice', NULL, '{"x":-75.69,"y":-827.08,"z":242.43}', '{"x":-75.51,"y":-823.90,"z":242.43}', NULL, '["ex_dt1_11_office_03a"]', 'MazeBankBuilding', 0, 1, 0, '{"x":-71.81,"y":-814.34,"z":242.39}', 5000000),
	(51, 'PowerBrokerConservative', 'Power Broker Conservative', NULL, '{"x":-75.69,"y":-827.08,"z":242.43}', '{"x":-75.51,"y":-823.90,"z":242.43}', NULL, '["ex_dt1_11_office_03b"]', 'MazeBankBuilding', 0, 1, 0, '{"x":-71.81,"y":-814.34,"z":242.39}', 5000000),
	(52, 'PowerBrokerPolished', 'Power Broker Polished', NULL, '{"x":-75.69,"y":-827.08,"z":242.43}', '{"x":-75.51,"y":-823.90,"z":242.43}', NULL, '["ex_dt1_11_office_03c"]', 'MazeBankBuilding', 0, 1, 0, '{"x":-71.81,"y":-814.34,"z":242.39}', 5000000),
	(53, 'LomBank', 'Lom Bank', '{"x":-1581.36,"y":-558.23,"z":34.07}', NULL, NULL, '{"x":-1583.60,"y":-555.12,"z":34.07}', '[]', NULL, 0, 0, 1, NULL, 0),
	(54, 'LBOldSpiceWarm', 'LB Old Spice Warm', NULL, '{"x":-1579.53,"y":-564.89,"z":107.62}', '{"x":-1576.42,"y":-567.57,"z":107.62}', NULL, '["ex_sm_13_office_01a"]', 'LomBank', 0, 1, 0, '{"x":-1571.26,"y":-575.76,"z":107.52}', 3500000),
	(55, 'LBOldSpiceClassical', 'LB Old Spice Classical', NULL, '{"x":-1579.53,"y":-564.89,"z":107.62}', '{"x":-1576.42,"y":-567.57,"z":107.62}', NULL, '["ex_sm_13_office_01b"]', 'LomBank', 0, 1, 0, '{"x":-1571.26,"y":-575.76,"z":107.52}', 3500000),
	(56, 'LBOldSpiceVintage', 'LB Old Spice Vintage', NULL, '{"x":-1579.53,"y":-564.89,"z":107.62}', '{"x":-1576.42,"y":-567.57,"z":107.62}', NULL, '["ex_sm_13_office_01c"]', 'LomBank', 0, 1, 0, '{"x":-1571.26,"y":-575.76,"z":107.52}', 3500000),
	(57, 'LBExecutiveRich', 'LB Executive Rich', NULL, '{"x":-1579.53,"y":-564.89,"z":107.62}', '{"x":-1576.42,"y":-567.57,"z":107.62}', NULL, '["ex_sm_13_office_02b"]', 'LomBank', 0, 1, 0, '{"x":-1571.26,"y":-575.76,"z":107.52}', 3500000),
	(58, 'LBExecutiveCool', 'LB Executive Cool', NULL, '{"x":-1579.53,"y":-564.89,"z":107.62}', '{"x":-1576.42,"y":-567.57,"z":107.62}', NULL, '["ex_sm_13_office_02c"]', 'LomBank', 0, 1, 0, '{"x":-1571.26,"y":-575.76,"z":107.52}', 3500000),
	(59, 'LBExecutiveContrast', 'LB Executive Contrast', NULL, '{"x":-1579.53,"y":-564.89,"z":107.62}', '{"x":-1576.42,"y":-567.57,"z":107.62}', NULL, '["ex_sm_13_office_02a"]', 'LomBank', 0, 1, 0, '{"x":-1571.26,"y":-575.76,"z":107.52}', 3500000),
	(60, 'LBPowerBrokerIce', 'LB Power Broker Ice', NULL, '{"x":-1579.53,"y":-564.89,"z":107.62}', '{"x":-1576.42,"y":-567.57,"z":107.62}', NULL, '["ex_sm_13_office_03a"]', 'LomBank', 0, 1, 0, '{"x":-1571.26,"y":-575.76,"z":107.52}', 3500000),
	(61, 'LBPowerBrokerConservative', 'LB Power Broker Conservative', NULL, '{"x":-1579.53,"y":-564.89,"z":107.62}', '{"x":-1576.42,"y":-567.57,"z":107.62}', NULL, '["ex_sm_13_office_03b"]', 'LomBank', 0, 1, 0, '{"x":-1571.26,"y":-575.76,"z":107.52}', 3500000),
	(62, 'LBPowerBrokerPolished', 'LB Power Broker Polished', NULL, '{"x":-1579.53,"y":-564.89,"z":107.62}', '{"x":-1576.42,"y":-567.57,"z":107.62}', NULL, '["ex_sm_13_office_03c"]', 'LomBank', 0, 1, 0, '{"x":-1571.26,"y":-575.76,"z":107.52}', 3500000),
	(63, 'MazeBankWest', 'Maze Bank West', '{"x":-1379.58,"y":-499.63,"z":32.22}', NULL, NULL, '{"x":-1378.95,"y":-502.82,"z":32.22}', '[]', NULL, 0, 0, 1, NULL, 0),
	(64, 'MBWOldSpiceWarm', 'MBW Old Spice Warm', NULL, '{"x":-1392.74,"y":-480.18,"z":71.14}', '{"x":-1389.43,"y":-479.01,"z":71.14}', NULL, '["ex_sm_15_office_01a"]', 'MazeBankWest', 0, 1, 0, '{"x":-1390.76,"y":-479.22,"z":72.04}', 2700000),
	(65, 'MBWOldSpiceClassical', 'MBW Old Spice Classical', NULL, '{"x":-1392.74,"y":-480.18,"z":71.14}', '{"x":-1389.43,"y":-479.01,"z":71.14}', NULL, '["ex_sm_15_office_01b"]', 'MazeBankWest', 0, 1, 0, '{"x":-1390.76,"y":-479.22,"z":72.04}', 2700000),
	(66, 'MBWOldSpiceVintage', 'MBW Old Spice Vintage', NULL, '{"x":-1392.74,"y":-480.18,"z":71.14}', '{"x":-1389.43,"y":-479.01,"z":71.14}', NULL, '["ex_sm_15_office_01c"]', 'MazeBankWest', 0, 1, 0, '{"x":-1390.76,"y":-479.22,"z":72.04}', 2700000),
	(67, 'MBWExecutiveRich', 'MBW Executive Rich', NULL, '{"x":-1392.74,"y":-480.18,"z":71.14}', '{"x":-1389.43,"y":-479.01,"z":71.14}', NULL, '["ex_sm_15_office_02b"]', 'MazeBankWest', 0, 1, 0, '{"x":-1390.76,"y":-479.22,"z":72.04}', 2700000),
	(68, 'MBWExecutiveCool', 'MBW Executive Cool', NULL, '{"x":-1392.74,"y":-480.18,"z":71.14}', '{"x":-1389.43,"y":-479.01,"z":71.14}', NULL, '["ex_sm_15_office_02c"]', 'MazeBankWest', 0, 1, 0, '{"x":-1390.76,"y":-479.22,"z":72.04}', 2700000),
	(69, 'MBWExecutive Contrast', 'MBW Executive Contrast', NULL, '{"x":-1392.74,"y":-480.18,"z":71.14}', '{"x":-1389.43,"y":-479.01,"z":71.14}', NULL, '["ex_sm_15_office_02a"]', 'MazeBankWest', 0, 1, 0, '{"x":-1390.76,"y":-479.22,"z":72.04}', 2700000),
	(70, 'MBWPowerBrokerIce', 'MBW Power Broker Ice', NULL, '{"x":-1392.74,"y":-480.18,"z":71.14}', '{"x":-1389.43,"y":-479.01,"z":71.14}', NULL, '["ex_sm_15_office_03a"]', 'MazeBankWest', 0, 1, 0, '{"x":-1390.76,"y":-479.22,"z":72.04}', 2700000),
	(71, 'MBWPowerBrokerConvservative', 'MBW Power Broker Convservative', NULL, '{"x":-1392.74,"y":-480.18,"z":71.14}', '{"x":-1389.43,"y":-479.01,"z":71.14}', NULL, '["ex_sm_15_office_03b"]', 'MazeBankWest', 0, 1, 0, '{"x":-1390.76,"y":-479.22,"z":72.04}', 2700000),
	(72, 'MBWPowerBrokerPolished', 'MBW Power Broker Polished', NULL, '{"x":-1392.74,"y":-480.18,"z":71.14}', '{"x":-1389.43,"y":-479.01,"z":71.14}', NULL, '["ex_sm_15_office_03c"]', 'MazeBankWest', 0, 1, 0, '{"x":-1390.76,"y":-479.22,"z":72.04}', 2700000);
/*!40000 ALTER TABLE `properties` ENABLE KEYS */;

-- Dumping structure for table strp.rented_vehicles
CREATE TABLE IF NOT EXISTS `rented_vehicles` (
  `vehicle` varchar(60) NOT NULL,
  `plate` varchar(12) NOT NULL,
  `player_name` varchar(255) NOT NULL,
  `base_price` int(11) NOT NULL,
  `rent_price` int(11) NOT NULL,
  `owner` varchar(22) NOT NULL,
  PRIMARY KEY (`plate`)
) ENGINE=InnoDB DEFAULT CHARSET=latin1;

-- Dumping data for table strp.rented_vehicles: ~0 rows (approximately)
/*!40000 ALTER TABLE `rented_vehicles` DISABLE KEYS */;
/*!40000 ALTER TABLE `rented_vehicles` ENABLE KEYS */;

-- Dumping structure for table strp.shops
CREATE TABLE IF NOT EXISTS `shops` (
  `id` int(11) NOT NULL AUTO_INCREMENT,
  `store` varchar(100) NOT NULL,
  `item` varchar(100) NOT NULL,
  `price` int(11) NOT NULL,
  PRIMARY KEY (`id`)
) ENGINE=InnoDB DEFAULT CHARSET=latin1;

-- Dumping data for table strp.shops: ~0 rows (approximately)
/*!40000 ALTER TABLE `shops` DISABLE KEYS */;
/*!40000 ALTER TABLE `shops` ENABLE KEYS */;

-- Dumping structure for table strp.society_moneywash
CREATE TABLE IF NOT EXISTS `society_moneywash` (
  `id` int(11) NOT NULL AUTO_INCREMENT,
  `identifier` varchar(60) NOT NULL,
  `society` varchar(60) NOT NULL,
  `amount` int(11) NOT NULL,
  PRIMARY KEY (`id`)
) ENGINE=InnoDB DEFAULT CHARSET=latin1;

-- Dumping data for table strp.society_moneywash: ~0 rows (approximately)
/*!40000 ALTER TABLE `society_moneywash` DISABLE KEYS */;
/*!40000 ALTER TABLE `society_moneywash` ENABLE KEYS */;

-- Dumping structure for table strp.truck_inventory
CREATE TABLE IF NOT EXISTS `truck_inventory` (
  `id` int(11) NOT NULL AUTO_INCREMENT,
  `item` varchar(100) NOT NULL,
  `itemt` varchar(100) NOT NULL,
  `count` int(11) NOT NULL,
  `plate` varchar(8) NOT NULL,
  `name` varchar(255) NOT NULL,
  `owned` varchar(255) NOT NULL,
  PRIMARY KEY (`id`),
  UNIQUE KEY `item` (`item`,`plate`)
) ENGINE=InnoDB AUTO_INCREMENT=29 DEFAULT CHARSET=latin1;

-- Dumping data for table strp.truck_inventory: ~6 rows (approximately)
/*!40000 ALTER TABLE `truck_inventory` DISABLE KEYS */;
INSERT INTO `truck_inventory` (`id`, `item`, `itemt`, `count`, `plate`, `name`, `owned`) VALUES
	(23, 'bandage', 'item_standard', 0, 'VQF 056 ', 'Bandage', '0'),
	(24, 'fishbait', 'item_standard', 0, 'VQF 056 ', 'Fish Bait', '0'),
	(25, 'medikit', 'item_standard', 0, 'VQF 056 ', 'Medikit', '0'),
	(26, 'fishingknife', 'item_standard', 0, 'VQF 056 ', 'Fishing Knife', '0'),
	(27, 'cannabis', 'item_standard', 0, '69TZA103', 'Cannabis', '0'),
	(28, 'bandage', 'item_standard', 8, '69TZA103', 'Bandage', '0');
/*!40000 ALTER TABLE `truck_inventory` ENABLE KEYS */;

-- Dumping structure for table strp.users
CREATE TABLE IF NOT EXISTS `users` (
  `identifier` varchar(50) COLLATE utf8mb4_bin NOT NULL,
  `license` varchar(50) COLLATE utf8mb4_bin DEFAULT NULL,
  `money` int(11) DEFAULT NULL,
  `name` varchar(50) COLLATE utf8mb4_bin DEFAULT '',
  `skin` longtext COLLATE utf8mb4_bin,
  `job` varchar(50) COLLATE utf8mb4_bin DEFAULT 'unemployed',
  `job_grade` int(11) DEFAULT '0',
  `loadout` longtext COLLATE utf8mb4_bin,
  `position` varchar(36) COLLATE utf8mb4_bin DEFAULT NULL,
  `bank` int(11) DEFAULT NULL,
  `permission_level` int(11) DEFAULT NULL,
  `group` varchar(50) COLLATE utf8mb4_bin DEFAULT NULL,
  `firstname` varchar(50) COLLATE utf8mb4_bin DEFAULT '',
  `lastname` varchar(50) COLLATE utf8mb4_bin DEFAULT '',
  `dateofbirth` varchar(25) COLLATE utf8mb4_bin DEFAULT '',
  `sex` varchar(10) COLLATE utf8mb4_bin DEFAULT '',
  `height` varchar(5) COLLATE utf8mb4_bin DEFAULT '',
  `is_dead` tinyint(1) DEFAULT '0',
  `last_property` varchar(255) COLLATE utf8mb4_bin DEFAULT NULL,
  PRIMARY KEY (`identifier`)
) ENGINE=InnoDB DEFAULT CHARSET=utf8mb4 COLLATE=utf8mb4_bin;

-- Dumping data for table strp.users: ~1 rows (approximately)
/*!40000 ALTER TABLE `users` DISABLE KEYS */;
INSERT INTO `users` (`identifier`, `license`, `money`, `name`, `skin`, `job`, `job_grade`, `loadout`, `position`, `bank`, `permission_level`, `group`, `firstname`, `lastname`, `dateofbirth`, `sex`, `height`, `is_dead`, `last_property`) VALUES
	('steam:1100001073dda0b', 'license:2fb56b2dc08939697d1a65da3518f86983f64084', 0, 'TangoWorldTwo', '{"mask_1":0,"helmet_1":-1,"lipstick_2":0,"skin":0,"arms":0,"bracelets_1":-1,"chain_2":0,"age_2":0,"decals_1":0,"bproof_2":0,"watches_1":-1,"ears_1":-1,"torso_2":0,"decals_2":0,"torso_1":0,"eyebrows_2":0,"chain_1":0,"tshirt_1":0,"helmet_2":0,"beard_4":2,"lipstick_1":0,"hair_color_2":0,"lipstick_3":0,"mask_2":0,"tshirt_2":0,"complexion_2":0,"pants_2":0,"eyebrows_1":0,"blemishes_1":2,"eyebrows_4":0,"bodyb_2":0,"makeup_2":0,"beard_2":0,"eye_color":0,"hair_1":0,"blush_1":0,"beard_3":0,"bracelets_2":0,"ears_2":0,"chest_2":0,"hair_color_1":0,"hair_2":0,"blush_2":0,"blemishes_2":0,"chest_1":0,"eyebrows_3":0,"makeup_1":0,"moles_1":0,"chest_3":0,"beard_1":0,"shoes_1":0,"shoes_2":0,"arms_2":0,"glasses_2":0,"age_1":0,"moles_2":0,"bags_1":0,"watches_2":0,"lipstick_4":0,"bproof_1":0,"bodyb_1":0,"sun_1":0,"face":0,"glasses_1":0,"sex":0,"bags_2":0,"blush_3":0,"complexion_1":0,"sun_2":0,"makeup_4":0,"makeup_3":0,"pants_1":0}', 'unemployed', 0, '[]', '{"z":25.1,"y":-539.0,"x":-473.0}', 800, 0, 'superadmin', 'Yeet', 'Err', '2000-02-29', 'm', '180', 1, NULL);
/*!40000 ALTER TABLE `users` ENABLE KEYS */;

-- Dumping structure for table strp.user_accounts
CREATE TABLE IF NOT EXISTS `user_accounts` (
  `id` int(11) NOT NULL AUTO_INCREMENT,
  `identifier` varchar(22) NOT NULL,
  `name` varchar(50) NOT NULL,
  `money` double NOT NULL DEFAULT '0',
  PRIMARY KEY (`id`)
) ENGINE=InnoDB AUTO_INCREMENT=2 DEFAULT CHARSET=latin1;

-- Dumping data for table strp.user_accounts: ~0 rows (approximately)
/*!40000 ALTER TABLE `user_accounts` DISABLE KEYS */;
INSERT INTO `user_accounts` (`id`, `identifier`, `name`, `money`) VALUES
	(1, 'steam:1100001073dda0b', 'black_money', 0);
/*!40000 ALTER TABLE `user_accounts` ENABLE KEYS */;

-- Dumping structure for table strp.user_inventory
CREATE TABLE IF NOT EXISTS `user_inventory` (
  `id` int(11) NOT NULL AUTO_INCREMENT,
  `identifier` varchar(22) NOT NULL,
  `item` varchar(50) NOT NULL,
  `count` int(11) NOT NULL,
  PRIMARY KEY (`id`)
) ENGINE=InnoDB AUTO_INCREMENT=1454 DEFAULT CHARSET=latin1;

-- Dumping data for table strp.user_inventory: ~1,452 rows (approximately)
/*!40000 ALTER TABLE `user_inventory` DISABLE KEYS */;
INSERT INTO `user_inventory` (`id`, `identifier`, `item`, `count`) VALUES
	(1, 'steam:11000010181f7dc', 'medikit', 3),
	(2, 'steam:11000010181f7dc', 'bandage', 4),
	(3, 'steam:1100001032256b2', 'medikit', 0),
	(4, 'steam:1100001032256b2', 'bandage', 0),
	(5, 'steam:11000010181f7dc', 'fixkit', 0),
	(6, 'steam:11000010181f7dc', 'gazbottle', 0),
	(7, 'steam:11000010181f7dc', 'carotool', 0),
	(8, 'steam:11000010181f7dc', 'blowpipe', 0),
	(9, 'steam:11000010181f7dc', 'carokit', 0),
	(10, 'steam:11000010181f7dc', 'fixtool', 0),
	(11, 'steam:110000113a28bfb', 'carotool', 0),
	(12, 'steam:110000113a28bfb', 'blowpipe', 0),
	(13, 'steam:110000113a28bfb', 'bandage', 0),
	(14, 'steam:110000113a28bfb', 'fixkit', 0),
	(15, 'steam:110000113a28bfb', 'fixtool', 0),
	(16, 'steam:110000113a28bfb', 'gazbottle', 0),
	(17, 'steam:110000113a28bfb', 'carokit', 0),
	(18, 'steam:110000113a28bfb', 'medikit', 0),
	(19, 'steam:110000107003f3f', 'fixtool', 0),
	(20, 'steam:110000107003f3f', 'carotool', 0),
	(21, 'steam:110000107003f3f', 'fixkit', 0),
	(22, 'steam:110000107003f3f', 'bandage', 0),
	(23, 'steam:110000107003f3f', 'medikit', 0),
	(24, 'steam:110000107003f3f', 'gazbottle', 0),
	(25, 'steam:110000107003f3f', 'blowpipe', 0),
	(26, 'steam:110000107003f3f', 'carokit', 0),
	(27, 'steam:1100001032256b2', 'carotool', 0),
	(28, 'steam:1100001032256b2', 'fixkit', 0),
	(29, 'steam:1100001032256b2', 'gazbottle', 0),
	(30, 'steam:1100001032256b2', 'blowpipe', 0),
	(31, 'steam:1100001032256b2', 'carokit', 0),
	(32, 'steam:1100001032256b2', 'fixtool', 0),
	(33, 'steam:110000106a4b350', 'bandage', 0),
	(34, 'steam:110000106a4b350', 'medikit', 0),
	(35, 'steam:110000106a4b350', 'fixkit', 0),
	(36, 'steam:110000106a4b350', 'fixtool', 0),
	(37, 'steam:110000106a4b350', 'gazbottle', 0),
	(38, 'steam:110000106a4b350', 'carokit', 0),
	(39, 'steam:110000106a4b350', 'carotool', 0),
	(40, 'steam:110000106a4b350', 'blowpipe', 0),
	(41, 'steam:110000101a7a8ea', 'bandage', 0),
	(42, 'steam:110000101a7a8ea', 'medikit', 0),
	(43, 'steam:110000101a7a8ea', 'fixkit', 0),
	(44, 'steam:110000101a7a8ea', 'fixtool', 0),
	(45, 'steam:110000101a7a8ea', 'gazbottle', 0),
	(46, 'steam:110000101a7a8ea', 'carokit', 0),
	(47, 'steam:110000101a7a8ea', 'carotool', 0),
	(48, 'steam:110000101a7a8ea', 'blowpipe', 0),
	(49, 'steam:11000010400b1fc', 'bandage', 0),
	(50, 'steam:11000010400b1fc', 'medikit', 0),
	(51, 'steam:11000010400b1fc', 'fixkit', 0),
	(52, 'steam:11000010400b1fc', 'fixtool', 0),
	(53, 'steam:11000010400b1fc', 'gazbottle', 0),
	(54, 'steam:11000010400b1fc', 'carokit', 0),
	(55, 'steam:11000010400b1fc', 'carotool', 0),
	(56, 'steam:11000010400b1fc', 'blowpipe', 0),
	(57, 'steam:110000101536738', 'medikit', 0),
	(58, 'steam:110000101536738', 'gazbottle', 0),
	(59, 'steam:110000101536738', 'fixtool', 0),
	(60, 'steam:110000101536738', 'carotool', 0),
	(61, 'steam:110000101536738', 'carokit', 0),
	(62, 'steam:110000101536738', 'bandage', 0),
	(63, 'steam:110000101536738', 'blowpipe', 0),
	(64, 'steam:110000101536738', 'fixkit', 0),
	(65, 'steam:110000106a296fa', 'medikit', 0),
	(66, 'steam:110000106a296fa', 'gazbottle', 0),
	(67, 'steam:110000106a296fa', 'fixtool', 0),
	(68, 'steam:110000106a296fa', 'carotool', 0),
	(69, 'steam:110000106a296fa', 'carokit', 0),
	(70, 'steam:110000106a296fa', 'bandage', 0),
	(71, 'steam:110000106a296fa', 'blowpipe', 0),
	(72, 'steam:110000106a296fa', 'fixkit', 0),
	(73, 'steam:110000107cad5a4', 'medikit', 0),
	(74, 'steam:110000107cad5a4', 'gazbottle', 0),
	(75, 'steam:110000107cad5a4', 'fixtool', 0),
	(76, 'steam:110000107cad5a4', 'carotool', 0),
	(77, 'steam:110000107cad5a4', 'carokit', 0),
	(78, 'steam:110000107cad5a4', 'bandage', 0),
	(79, 'steam:110000107cad5a4', 'blowpipe', 0),
	(80, 'steam:110000107cad5a4', 'fixkit', 0),
	(81, 'steam:11000010a7a16c3', 'medikit', 0),
	(82, 'steam:11000010a7a16c3', 'gazbottle', 0),
	(83, 'steam:11000010a7a16c3', 'fixtool', 0),
	(84, 'steam:11000010a7a16c3', 'carotool', 0),
	(85, 'steam:11000010a7a16c3', 'carokit', 0),
	(86, 'steam:11000010a7a16c3', 'bandage', 0),
	(87, 'steam:11000010a7a16c3', 'blowpipe', 0),
	(88, 'steam:11000010a7a16c3', 'fixkit', 0),
	(89, 'steam:11000010a295d61', 'medikit', 0),
	(90, 'steam:11000010a295d61', 'gazbottle', 0),
	(91, 'steam:11000010a295d61', 'fixtool', 0),
	(92, 'steam:11000010a295d61', 'carotool', 0),
	(93, 'steam:11000010a295d61', 'carokit', 0),
	(94, 'steam:11000010a295d61', 'bandage', 0),
	(95, 'steam:11000010a295d61', 'blowpipe', 0),
	(96, 'steam:11000010a295d61', 'fixkit', 0),
	(97, 'steam:110000106f7ce3f', 'medikit', 0),
	(98, 'steam:110000106f7ce3f', 'gazbottle', 0),
	(99, 'steam:110000106f7ce3f', 'fixtool', 0),
	(100, 'steam:110000106f7ce3f', 'carotool', 0),
	(101, 'steam:110000106f7ce3f', 'carokit', 0),
	(102, 'steam:110000106f7ce3f', 'bandage', 0),
	(103, 'steam:110000106f7ce3f', 'blowpipe', 0),
	(104, 'steam:110000106f7ce3f', 'fixkit', 0),
	(105, 'steam:110000106a296fa', 'cannabis', 2),
	(106, 'steam:110000106a296fa', 'marijuana', 0),
	(107, 'steam:110000113a28bfb', 'cannabis', 0),
	(108, 'steam:110000113a28bfb', 'marijuana', 0),
	(109, 'steam:11000010181f7dc', 'cannabis', 0),
	(110, 'steam:11000010181f7dc', 'marijuana', 1),
	(111, 'steam:110000101a7a8ea', 'cannabis', 0),
	(112, 'steam:110000101a7a8ea', 'marijuana', 0),
	(113, 'steam:110000115c03b52', 'carokit', 0),
	(114, 'steam:110000115c03b52', 'gazbottle', 0),
	(115, 'steam:110000115c03b52', 'bandage', 0),
	(116, 'steam:110000115c03b52', 'cannabis', 0),
	(117, 'steam:110000115c03b52', 'marijuana', 0),
	(118, 'steam:110000115c03b52', 'fixkit', 0),
	(119, 'steam:110000115c03b52', 'medikit', 0),
	(120, 'steam:110000115c03b52', 'fixtool', 0),
	(121, 'steam:110000115c03b52', 'carotool', 0),
	(122, 'steam:110000115c03b52', 'blowpipe', 0),
	(123, 'steam:11000010c14682d', 'carokit', 0),
	(124, 'steam:11000010c14682d', 'gazbottle', 0),
	(125, 'steam:11000010c14682d', 'bandage', 0),
	(126, 'steam:11000010c14682d', 'cannabis', 1),
	(127, 'steam:11000010c14682d', 'marijuana', 0),
	(128, 'steam:11000010c14682d', 'fixkit', 0),
	(129, 'steam:11000010c14682d', 'medikit', 0),
	(130, 'steam:11000010c14682d', 'fixtool', 0),
	(131, 'steam:11000010c14682d', 'carotool', 0),
	(132, 'steam:11000010c14682d', 'blowpipe', 0),
	(133, 'steam:110000101536738', 'cannabis', 1),
	(134, 'steam:110000101536738', 'marijuana', 0),
	(135, 'steam:110000107003f3f', 'cannabis', 4),
	(136, 'steam:110000107003f3f', 'marijuana', 0),
	(137, 'steam:110000100a219d0', 'blowpipe', 0),
	(138, 'steam:110000100a219d0', 'carokit', 0),
	(139, 'steam:110000100a219d0', 'cannabis', 0),
	(140, 'steam:110000100a219d0', 'bandage', 0),
	(141, 'steam:110000100a219d0', 'carotool', 0),
	(142, 'steam:110000100a219d0', 'gazbottle', 0),
	(143, 'steam:110000100a219d0', 'medikit', 0),
	(144, 'steam:110000100a219d0', 'fixkit', 0),
	(145, 'steam:110000100a219d0', 'marijuana', 0),
	(146, 'steam:110000100a219d0', 'fixtool', 0),
	(147, 'steam:11000010400b1fc', 'cannabis', 0),
	(148, 'steam:11000010400b1fc', 'marijuana', 0),
	(149, 'steam:11000010cd31807', 'blowpipe', 0),
	(150, 'steam:11000010cd31807', 'carokit', 0),
	(151, 'steam:11000010cd31807', 'cannabis', 0),
	(152, 'steam:11000010cd31807', 'carotool', 0),
	(153, 'steam:11000010cd31807', 'bandage', 0),
	(154, 'steam:11000010cd31807', 'gazbottle', 0),
	(155, 'steam:11000010cd31807', 'medikit', 0),
	(156, 'steam:11000010cd31807', 'fixkit', 0),
	(157, 'steam:11000010cd31807', 'marijuana', 0),
	(158, 'steam:11000010cd31807', 'fixtool', 0),
	(159, 'steam:110000103965729', 'carokit', 0),
	(160, 'steam:110000103965729', 'blowpipe', 0),
	(161, 'steam:110000103965729', 'bandage', 0),
	(162, 'steam:110000103965729', 'fixtool', 0),
	(163, 'steam:110000103965729', 'cannabis', 0),
	(164, 'steam:110000103965729', 'marijuana', 0),
	(165, 'steam:110000103965729', 'medikit', 0),
	(166, 'steam:110000103965729', 'carotool', 0),
	(167, 'steam:110000103965729', 'gazbottle', 0),
	(168, 'steam:110000103965729', 'fixkit', 0),
	(169, 'steam:110000103ea8d0b', 'bandage', 0),
	(170, 'steam:110000103ea8d0b', 'carokit', 0),
	(171, 'steam:110000103ea8d0b', 'blowpipe', 0),
	(172, 'steam:110000103ea8d0b', 'carotool', 0),
	(173, 'steam:110000103ea8d0b', 'medikit', 0),
	(174, 'steam:110000103ea8d0b', 'fixkit', 0),
	(175, 'steam:110000103ea8d0b', 'gazbottle', 0),
	(176, 'steam:110000103ea8d0b', 'marijuana', 0),
	(177, 'steam:110000103ea8d0b', 'cannabis', 0),
	(178, 'steam:110000103ea8d0b', 'fixtool', 0),
	(179, 'steam:110000104ea15d1', 'carotool', 0),
	(180, 'steam:110000104ea15d1', 'fixkit', 0),
	(181, 'steam:110000104ea15d1', 'bandage', 0),
	(182, 'steam:110000104ea15d1', 'medikit', 0),
	(183, 'steam:110000104ea15d1', 'cannabis', 0),
	(184, 'steam:110000104ea15d1', 'marijuana', 0),
	(185, 'steam:110000104ea15d1', 'gazbottle', 0),
	(186, 'steam:110000104ea15d1', 'carokit', 0),
	(187, 'steam:110000104ea15d1', 'fixtool', 0),
	(188, 'steam:110000104ea15d1', 'blowpipe', 0),
	(189, 'steam:11000010a295d61', 'marijuana', 0),
	(190, 'steam:11000010a295d61', 'cannabis', 0),
	(191, 'steam:1100001095b72f7', 'fixkit', 0),
	(192, 'steam:1100001095b72f7', 'cannabis', 0),
	(193, 'steam:1100001095b72f7', 'marijuana', 0),
	(194, 'steam:1100001095b72f7', 'gazbottle', 0),
	(195, 'steam:1100001095b72f7', 'blowpipe', 0),
	(196, 'steam:1100001095b72f7', 'carotool', 0),
	(197, 'steam:1100001095b72f7', 'fixtool', 0),
	(198, 'steam:1100001095b72f7', 'carokit', 0),
	(199, 'steam:1100001095b72f7', 'medikit', 0),
	(200, 'steam:1100001095b72f7', 'bandage', 0),
	(201, 'steam:110000107cad5a4', 'cannabis', 0),
	(202, 'steam:110000107cad5a4', 'marijuana', 0),
	(203, 'steam:11000011d0c9c1c', 'fixkit', 0),
	(204, 'steam:11000011d0c9c1c', 'cannabis', 0),
	(205, 'steam:11000011d0c9c1c', 'marijuana', 0),
	(206, 'steam:11000011d0c9c1c', 'gazbottle', 0),
	(207, 'steam:11000011d0c9c1c', 'blowpipe', 0),
	(208, 'steam:11000011d0c9c1c', 'carotool', 0),
	(209, 'steam:11000011d0c9c1c', 'fixtool', 0),
	(210, 'steam:11000011d0c9c1c', 'carokit', 0),
	(211, 'steam:11000011d0c9c1c', 'medikit', 0),
	(212, 'steam:11000011d0c9c1c', 'bandage', 0),
	(213, 'steam:110000111aa29f1', 'fixkit', 0),
	(214, 'steam:110000111aa29f1', 'cannabis', 0),
	(215, 'steam:110000111aa29f1', 'marijuana', 0),
	(216, 'steam:110000111aa29f1', 'gazbottle', 0),
	(217, 'steam:110000111aa29f1', 'blowpipe', 0),
	(218, 'steam:110000111aa29f1', 'carotool', 0),
	(219, 'steam:110000111aa29f1', 'fixtool', 0),
	(220, 'steam:110000111aa29f1', 'carokit', 0),
	(221, 'steam:110000111aa29f1', 'medikit', 5),
	(222, 'steam:110000111aa29f1', 'bandage', 20),
	(223, 'steam:11000011390f910', 'fixkit', 0),
	(224, 'steam:11000011390f910', 'cannabis', 0),
	(225, 'steam:11000011390f910', 'marijuana', 0),
	(226, 'steam:11000011390f910', 'gazbottle', 0),
	(227, 'steam:11000011390f910', 'blowpipe', 0),
	(228, 'steam:11000011390f910', 'carotool', 0),
	(229, 'steam:11000011390f910', 'fixtool', 0),
	(230, 'steam:11000011390f910', 'carokit', 0),
	(231, 'steam:11000011390f910', 'medikit', 0),
	(232, 'steam:11000011390f910', 'bandage', 0),
	(233, 'steam:1100001121f80f4', 'fixkit', 0),
	(234, 'steam:1100001121f80f4', 'cannabis', 0),
	(235, 'steam:1100001121f80f4', 'marijuana', 0),
	(236, 'steam:1100001121f80f4', 'gazbottle', 0),
	(237, 'steam:1100001121f80f4', 'blowpipe', 0),
	(238, 'steam:1100001121f80f4', 'carotool', 0),
	(239, 'steam:1100001121f80f4', 'fixtool', 0),
	(240, 'steam:1100001121f80f4', 'carokit', 0),
	(241, 'steam:1100001121f80f4', 'medikit', 0),
	(242, 'steam:1100001121f80f4', 'bandage', 0),
	(243, 'steam:11000011c6dbc6b', 'fixkit', 0),
	(244, 'steam:11000011c6dbc6b', 'cannabis', 0),
	(245, 'steam:11000011c6dbc6b', 'marijuana', 0),
	(246, 'steam:11000011c6dbc6b', 'gazbottle', 0),
	(247, 'steam:11000011c6dbc6b', 'blowpipe', 0),
	(248, 'steam:11000011c6dbc6b', 'carotool', 0),
	(249, 'steam:11000011c6dbc6b', 'fixtool', 0),
	(250, 'steam:11000011c6dbc6b', 'carokit', 0),
	(251, 'steam:11000011c6dbc6b', 'medikit', 0),
	(252, 'steam:11000011c6dbc6b', 'bandage', 0),
	(253, 'steam:11000010b6bcd0e', 'fixkit', 0),
	(254, 'steam:11000010b6bcd0e', 'cannabis', 0),
	(255, 'steam:11000010b6bcd0e', 'marijuana', 0),
	(256, 'steam:11000010b6bcd0e', 'gazbottle', 0),
	(257, 'steam:11000010b6bcd0e', 'blowpipe', 0),
	(258, 'steam:11000010b6bcd0e', 'carotool', 0),
	(259, 'steam:11000010b6bcd0e', 'fixtool', 0),
	(260, 'steam:11000010b6bcd0e', 'carokit', 0),
	(261, 'steam:11000010b6bcd0e', 'medikit', 0),
	(262, 'steam:11000010b6bcd0e', 'bandage', 0),
	(263, 'steam:110000110bc416a', 'fixkit', 0),
	(264, 'steam:110000110bc416a', 'cannabis', 0),
	(265, 'steam:110000110bc416a', 'marijuana', 0),
	(266, 'steam:110000110bc416a', 'gazbottle', 0),
	(267, 'steam:110000110bc416a', 'blowpipe', 0),
	(268, 'steam:110000110bc416a', 'carotool', 0),
	(269, 'steam:110000110bc416a', 'fixtool', 0),
	(270, 'steam:110000110bc416a', 'carokit', 0),
	(271, 'steam:110000110bc416a', 'medikit', 0),
	(272, 'steam:110000110bc416a', 'bandage', 0),
	(273, 'steam:110000112e8a7c2', 'fixkit', 0),
	(274, 'steam:110000112e8a7c2', 'cannabis', 0),
	(275, 'steam:110000112e8a7c2', 'marijuana', 0),
	(276, 'steam:110000112e8a7c2', 'gazbottle', 0),
	(277, 'steam:110000112e8a7c2', 'blowpipe', 0),
	(278, 'steam:110000112e8a7c2', 'carotool', 0),
	(279, 'steam:110000112e8a7c2', 'fixtool', 0),
	(280, 'steam:110000112e8a7c2', 'carokit', 0),
	(281, 'steam:110000112e8a7c2', 'medikit', 0),
	(282, 'steam:110000112e8a7c2', 'bandage', 0),
	(283, 'steam:11000010ef49b2d', 'fixkit', 0),
	(284, 'steam:11000010ef49b2d', 'cannabis', 0),
	(285, 'steam:11000010ef49b2d', 'marijuana', 0),
	(286, 'steam:11000010ef49b2d', 'gazbottle', 0),
	(287, 'steam:11000010ef49b2d', 'blowpipe', 0),
	(288, 'steam:11000010ef49b2d', 'carotool', 0),
	(289, 'steam:11000010ef49b2d', 'fixtool', 0),
	(290, 'steam:11000010ef49b2d', 'carokit', 0),
	(291, 'steam:11000010ef49b2d', 'medikit', 0),
	(292, 'steam:11000010ef49b2d', 'bandage', 0),
	(293, 'steam:11000011404588c', 'fixkit', 0),
	(294, 'steam:11000011404588c', 'cannabis', 0),
	(295, 'steam:11000011404588c', 'marijuana', 0),
	(296, 'steam:11000011404588c', 'gazbottle', 0),
	(297, 'steam:11000011404588c', 'blowpipe', 0),
	(298, 'steam:11000011404588c', 'carotool', 0),
	(299, 'steam:11000011404588c', 'fixtool', 0),
	(300, 'steam:11000011404588c', 'carokit', 0),
	(301, 'steam:11000011404588c', 'medikit', 0),
	(302, 'steam:11000011404588c', 'bandage', 0),
	(303, 'steam:110000105bb5ee8', 'fixkit', 0),
	(304, 'steam:110000105bb5ee8', 'cannabis', 0),
	(305, 'steam:110000105bb5ee8', 'marijuana', 0),
	(306, 'steam:110000105bb5ee8', 'gazbottle', 0),
	(307, 'steam:110000105bb5ee8', 'blowpipe', 0),
	(308, 'steam:110000105bb5ee8', 'carotool', 0),
	(309, 'steam:110000105bb5ee8', 'fixtool', 0),
	(310, 'steam:110000105bb5ee8', 'carokit', 0),
	(311, 'steam:110000105bb5ee8', 'medikit', 0),
	(312, 'steam:110000105bb5ee8', 'bandage', 0),
	(313, 'steam:1100001032256b2', 'marijuana', 0),
	(314, 'steam:1100001032256b2', 'cannabis', 0),
	(315, 'steam:11000011214e91c', 'fixkit', 0),
	(316, 'steam:11000011214e91c', 'carokit', 0),
	(317, 'steam:11000011214e91c', 'carotool', 0),
	(318, 'steam:11000011214e91c', 'bandage', 0),
	(319, 'steam:11000011214e91c', 'marijuana', 0),
	(320, 'steam:11000011214e91c', 'blowpipe', 0),
	(321, 'steam:11000011214e91c', 'gazbottle', 0),
	(322, 'steam:11000011214e91c', 'cannabis', 0),
	(323, 'steam:11000011214e91c', 'fixtool', 0),
	(324, 'steam:11000011214e91c', 'medikit', 0),
	(325, 'steam:11000010be66d11', 'fixkit', 0),
	(326, 'steam:11000010be66d11', 'carokit', 0),
	(327, 'steam:11000010be66d11', 'carotool', 0),
	(328, 'steam:11000010be66d11', 'bandage', 0),
	(329, 'steam:11000010be66d11', 'marijuana', 0),
	(330, 'steam:11000010be66d11', 'blowpipe', 0),
	(331, 'steam:11000010be66d11', 'gazbottle', 0),
	(332, 'steam:11000010be66d11', 'cannabis', 0),
	(333, 'steam:11000010be66d11', 'fixtool', 0),
	(334, 'steam:11000010be66d11', 'medikit', 0),
	(335, 'steam:11000010c61da90', 'blowpipe', 0),
	(336, 'steam:11000010c61da90', 'medikit', 0),
	(337, 'steam:11000010c61da90', 'bandage', 0),
	(338, 'steam:11000010c61da90', 'gazbottle', 0),
	(339, 'steam:11000010c61da90', 'carotool', 0),
	(340, 'steam:11000010c61da90', 'marijuana', 0),
	(341, 'steam:11000010c61da90', 'carokit', 0),
	(342, 'steam:11000010c61da90', 'fixtool', 0),
	(343, 'steam:11000010c61da90', 'fixkit', 0),
	(344, 'steam:11000010c61da90', 'cannabis', 0),
	(345, 'steam:11000010681534d', 'blowpipe', 0),
	(346, 'steam:11000010681534d', 'medikit', 0),
	(347, 'steam:11000010681534d', 'bandage', 0),
	(348, 'steam:11000010681534d', 'gazbottle', 0),
	(349, 'steam:11000010681534d', 'carotool', 0),
	(350, 'steam:11000010681534d', 'marijuana', 0),
	(351, 'steam:11000010681534d', 'carokit', 0),
	(352, 'steam:11000010681534d', 'fixtool', 0),
	(353, 'steam:11000010681534d', 'fixkit', 0),
	(354, 'steam:11000010681534d', 'cannabis', 0),
	(355, 'steam:1100001043c3079', 'blowpipe', 0),
	(356, 'steam:1100001043c3079', 'medikit', 0),
	(357, 'steam:1100001043c3079', 'bandage', 0),
	(358, 'steam:1100001043c3079', 'gazbottle', 0),
	(359, 'steam:1100001043c3079', 'carotool', 0),
	(360, 'steam:1100001043c3079', 'marijuana', 0),
	(361, 'steam:1100001043c3079', 'carokit', 0),
	(362, 'steam:1100001043c3079', 'fixtool', 0),
	(363, 'steam:1100001043c3079', 'fixkit', 0),
	(364, 'steam:1100001043c3079', 'cannabis', 0),
	(365, 'steam:11000010bf88d2b', 'blowpipe', 0),
	(366, 'steam:11000010bf88d2b', 'medikit', 0),
	(367, 'steam:11000010bf88d2b', 'bandage', 0),
	(368, 'steam:11000010bf88d2b', 'gazbottle', 0),
	(369, 'steam:11000010bf88d2b', 'carotool', 0),
	(370, 'steam:11000010bf88d2b', 'marijuana', 0),
	(371, 'steam:11000010bf88d2b', 'carokit', 0),
	(372, 'steam:11000010bf88d2b', 'fixtool', 0),
	(373, 'steam:11000010bf88d2b', 'fixkit', 0),
	(374, 'steam:11000010bf88d2b', 'cannabis', 0),
	(375, 'steam:110000106f7ce3f', 'marijuana', 0),
	(376, 'steam:110000106f7ce3f', 'cannabis', 0),
	(377, 'steam:11000010e3b5e0a', 'blowpipe', 0),
	(378, 'steam:11000010e3b5e0a', 'medikit', 0),
	(379, 'steam:11000010e3b5e0a', 'bandage', 0),
	(380, 'steam:11000010e3b5e0a', 'gazbottle', 0),
	(381, 'steam:11000010e3b5e0a', 'carotool', 0),
	(382, 'steam:11000010e3b5e0a', 'marijuana', 0),
	(383, 'steam:11000010e3b5e0a', 'carokit', 0),
	(384, 'steam:11000010e3b5e0a', 'fixtool', 0),
	(385, 'steam:11000010e3b5e0a', 'fixkit', 0),
	(386, 'steam:11000010e3b5e0a', 'cannabis', 0),
	(387, 'steam:1100001112c3168', 'blowpipe', 0),
	(388, 'steam:1100001112c3168', 'medikit', 0),
	(389, 'steam:1100001112c3168', 'bandage', 0),
	(390, 'steam:1100001112c3168', 'gazbottle', 0),
	(391, 'steam:1100001112c3168', 'carotool', 0),
	(392, 'steam:1100001112c3168', 'marijuana', 0),
	(393, 'steam:1100001112c3168', 'carokit', 0),
	(394, 'steam:1100001112c3168', 'fixtool', 0),
	(395, 'steam:1100001112c3168', 'fixkit', 0),
	(396, 'steam:1100001112c3168', 'cannabis', 0),
	(397, 'steam:11000010c837347', 'blowpipe', 0),
	(398, 'steam:11000010c837347', 'medikit', 0),
	(399, 'steam:11000010c837347', 'bandage', 0),
	(400, 'steam:11000010c837347', 'gazbottle', 0),
	(401, 'steam:11000010c837347', 'carotool', 0),
	(402, 'steam:11000010c837347', 'marijuana', 0),
	(403, 'steam:11000010c837347', 'carokit', 0),
	(404, 'steam:11000010c837347', 'fixtool', 0),
	(405, 'steam:11000010c837347', 'fixkit', 0),
	(406, 'steam:11000010c837347', 'cannabis', 0),
	(407, 'steam:110000100eeba3a', 'blowpipe', 0),
	(408, 'steam:110000100eeba3a', 'medikit', 0),
	(409, 'steam:110000100eeba3a', 'bandage', 0),
	(410, 'steam:110000100eeba3a', 'gazbottle', 0),
	(411, 'steam:110000100eeba3a', 'carotool', 0),
	(412, 'steam:110000100eeba3a', 'marijuana', 0),
	(413, 'steam:110000100eeba3a', 'carokit', 0),
	(414, 'steam:110000100eeba3a', 'fixtool', 0),
	(415, 'steam:110000100eeba3a', 'fixkit', 0),
	(416, 'steam:110000100eeba3a', 'cannabis', 0),
	(417, 'steam:11000010495355a', 'blowpipe', 0),
	(418, 'steam:11000010495355a', 'medikit', 0),
	(419, 'steam:11000010495355a', 'bandage', 0),
	(420, 'steam:11000010495355a', 'gazbottle', 0),
	(421, 'steam:11000010495355a', 'carotool', 0),
	(422, 'steam:11000010495355a', 'marijuana', 0),
	(423, 'steam:11000010495355a', 'carokit', 0),
	(424, 'steam:11000010495355a', 'fixtool', 0),
	(425, 'steam:11000010495355a', 'fixkit', 0),
	(426, 'steam:11000010495355a', 'cannabis', 0),
	(427, 'steam:1100001076ef413', 'cannabis', 1),
	(428, 'steam:1100001076ef413', 'bandage', 0),
	(429, 'steam:1100001076ef413', 'gazbottle', 0),
	(430, 'steam:1100001076ef413', 'marijuana', 0),
	(431, 'steam:1100001076ef413', 'fixtool', 0),
	(432, 'steam:1100001076ef413', 'carotool', 0),
	(433, 'steam:1100001076ef413', 'medikit', 0),
	(434, 'steam:1100001076ef413', 'blowpipe', 0),
	(435, 'steam:1100001076ef413', 'carokit', 0),
	(436, 'steam:1100001076ef413', 'fixkit', 0),
	(437, 'steam:110000104592b08', 'carokit', 0),
	(438, 'steam:110000104592b08', 'marijuana', 0),
	(439, 'steam:110000104592b08', 'carotool', 0),
	(440, 'steam:110000104592b08', 'gazbottle', 0),
	(441, 'steam:110000104592b08', 'blowpipe', 0),
	(442, 'steam:110000104592b08', 'fixkit', 0),
	(443, 'steam:110000104592b08', 'bandage', 0),
	(444, 'steam:110000104592b08', 'medikit', 0),
	(445, 'steam:110000104592b08', 'cannabis', 0),
	(446, 'steam:110000104592b08', 'fixtool', 0),
	(447, 'steam:110000113af0075', 'carokit', 0),
	(448, 'steam:110000113af0075', 'marijuana', 0),
	(449, 'steam:110000113af0075', 'carotool', 0),
	(450, 'steam:110000113af0075', 'gazbottle', 0),
	(451, 'steam:110000113af0075', 'blowpipe', 0),
	(452, 'steam:110000113af0075', 'fixkit', 0),
	(453, 'steam:110000113af0075', 'bandage', 0),
	(454, 'steam:110000113af0075', 'medikit', 0),
	(455, 'steam:110000113af0075', 'cannabis', 0),
	(456, 'steam:110000113af0075', 'fixtool', 0),
	(457, 'steam:11000011653861b', 'carotool', 0),
	(458, 'steam:11000011653861b', 'gazbottle', 0),
	(459, 'steam:11000011653861b', 'fixkit', 0),
	(460, 'steam:11000011653861b', 'fixtool', 0),
	(461, 'steam:11000011653861b', 'blowpipe', 0),
	(462, 'steam:11000011653861b', 'medikit', 0),
	(463, 'steam:11000011653861b', 'cannabis', 0),
	(464, 'steam:11000011653861b', 'marijuana', 0),
	(465, 'steam:11000011653861b', 'carokit', 0),
	(466, 'steam:11000011653861b', 'bandage', 0),
	(467, 'steam:1100001073dda0b', 'blowpipe', 0),
	(468, 'steam:1100001073dda0b', 'fixkit', 0),
	(469, 'steam:1100001073dda0b', 'cannabis', 0),
	(470, 'steam:1100001073dda0b', 'carotool', 0),
	(471, 'steam:1100001073dda0b', 'gazbottle', 0),
	(472, 'steam:1100001073dda0b', 'marijuana', 0),
	(473, 'steam:1100001073dda0b', 'medikit', 0),
	(474, 'steam:1100001073dda0b', 'carokit', 0),
	(475, 'steam:1100001073dda0b', 'fixtool', 0),
	(476, 'steam:1100001073dda0b', 'bandage', 0),
	(477, 'steam:11000010181f7dc', 'turtlebait', 0),
	(478, 'steam:11000010181f7dc', 'turtle', 0),
	(479, 'steam:11000010181f7dc', 'shark', 0),
	(480, 'steam:11000010181f7dc', 'fishingknife', 0),
	(481, 'steam:11000010181f7dc', 'fishbait', 0),
	(482, 'steam:11000010181f7dc', 'fishingrod', 0),
	(483, 'steam:11000010181f7dc', 'fish', 0),
	(484, 'steam:110000113a28bfb', 'turtlebait', 0),
	(485, 'steam:110000113a28bfb', 'turtle', 0),
	(486, 'steam:110000113a28bfb', 'shark', 0),
	(487, 'steam:110000113a28bfb', 'fishingknife', 0),
	(488, 'steam:110000113a28bfb', 'fishbait', 0),
	(489, 'steam:110000113a28bfb', 'fishingrod', 0),
	(490, 'steam:110000113a28bfb', 'fish', 0),
	(491, 'steam:110000113af0075', 'turtlebait', 0),
	(492, 'steam:110000113af0075', 'turtle', 0),
	(493, 'steam:110000113af0075', 'shark', 0),
	(494, 'steam:110000113af0075', 'fishingknife', 0),
	(495, 'steam:110000113af0075', 'fishbait', 0),
	(496, 'steam:110000113af0075', 'fishingrod', 0),
	(497, 'steam:110000113af0075', 'fish', 0),
	(498, 'steam:110000110bc416a', 'turtlebait', 0),
	(499, 'steam:110000110bc416a', 'turtle', 0),
	(500, 'steam:110000110bc416a', 'shark', 0),
	(501, 'steam:110000110bc416a', 'fishingknife', 0),
	(502, 'steam:110000110bc416a', 'fishbait', 0),
	(503, 'steam:110000110bc416a', 'fishingrod', 0),
	(504, 'steam:110000110bc416a', 'fish', 0),
	(505, 'steam:110000106f7ce3f', 'turtlebait', 0),
	(506, 'steam:110000106f7ce3f', 'turtle', 0),
	(507, 'steam:110000106f7ce3f', 'shark', 0),
	(508, 'steam:110000106f7ce3f', 'fishingknife', 0),
	(509, 'steam:110000106f7ce3f', 'fishbait', 0),
	(510, 'steam:110000106f7ce3f', 'fishingrod', 0),
	(511, 'steam:110000106f7ce3f', 'fish', 0),
	(512, 'steam:11000010a295d61', 'turtlebait', 0),
	(513, 'steam:11000010a295d61', 'turtle', 0),
	(514, 'steam:11000010a295d61', 'shark', 0),
	(515, 'steam:11000010a295d61', 'fishingknife', 1),
	(516, 'steam:11000010a295d61', 'fishbait', 0),
	(517, 'steam:11000010a295d61', 'fishingrod', 1),
	(518, 'steam:11000010a295d61', 'fish', 13),
	(519, 'steam:11000010681534d', 'turtlebait', 0),
	(520, 'steam:11000010681534d', 'turtle', 0),
	(521, 'steam:11000010681534d', 'shark', 0),
	(522, 'steam:11000010681534d', 'fishingknife', 0),
	(523, 'steam:11000010681534d', 'fishbait', 0),
	(524, 'steam:11000010681534d', 'fishingrod', 0),
	(525, 'steam:11000010681534d', 'fish', 0),
	(526, 'steam:110000103965729', 'turtlebait', 0),
	(527, 'steam:110000103965729', 'turtle', 0),
	(528, 'steam:110000103965729', 'shark', 0),
	(529, 'steam:110000103965729', 'fishingknife', 0),
	(530, 'steam:110000103965729', 'fishbait', 0),
	(531, 'steam:110000103965729', 'fishingrod', 0),
	(532, 'steam:110000103965729', 'fish', 0),
	(533, 'steam:110000106a296fa', 'turtlebait', 0),
	(534, 'steam:110000106a296fa', 'turtle', 0),
	(535, 'steam:110000106a296fa', 'shark', 0),
	(536, 'steam:110000106a296fa', 'fishingknife', 0),
	(537, 'steam:110000106a296fa', 'fishbait', 0),
	(538, 'steam:110000106a296fa', 'fishingrod', 0),
	(539, 'steam:110000106a296fa', 'fish', 0),
	(540, 'steam:110000105bb5ee8', 'turtlebait', 0),
	(541, 'steam:110000105bb5ee8', 'turtle', 0),
	(542, 'steam:110000105bb5ee8', 'shark', 0),
	(543, 'steam:110000105bb5ee8', 'fishingknife', 0),
	(544, 'steam:110000105bb5ee8', 'fishbait', 0),
	(545, 'steam:110000105bb5ee8', 'fishingrod', 0),
	(546, 'steam:110000105bb5ee8', 'fish', 0),
	(547, 'steam:110000108a3b05e', 'medikit', 0),
	(548, 'steam:110000108a3b05e', 'bandage', 0),
	(549, 'steam:110000108a3b05e', 'blowpipe', 0),
	(550, 'steam:110000108a3b05e', 'carokit', 0),
	(551, 'steam:110000108a3b05e', 'carotool', 0),
	(552, 'steam:110000108a3b05e', 'cannabis', 0),
	(553, 'steam:110000108a3b05e', 'turtlebait', 0),
	(554, 'steam:110000108a3b05e', 'turtle', 0),
	(555, 'steam:110000108a3b05e', 'shark', 0),
	(556, 'steam:110000108a3b05e', 'marijuana', 0),
	(557, 'steam:110000108a3b05e', 'fishingknife', 0),
	(558, 'steam:110000108a3b05e', 'fishbait', 0),
	(559, 'steam:110000108a3b05e', 'fishingrod', 0),
	(560, 'steam:110000108a3b05e', 'fish', 0),
	(561, 'steam:110000108a3b05e', 'fixtool', 0),
	(562, 'steam:110000108a3b05e', 'fixkit', 0),
	(563, 'steam:110000108a3b05e', 'gazbottle', 0),
	(564, 'steam:110000101536738', 'shark', 0),
	(565, 'steam:110000101536738', 'fishingrod', 0),
	(566, 'steam:110000101536738', 'fishbait', 0),
	(567, 'steam:110000101536738', 'fishingknife', 0),
	(568, 'steam:110000101536738', 'turtlebait', 0),
	(569, 'steam:110000101536738', 'fish', 0),
	(570, 'steam:110000101536738', 'turtle', 0),
	(571, 'steam:1100001041cf2f7', 'fixkit', 0),
	(572, 'steam:1100001041cf2f7', 'fish', 0),
	(573, 'steam:1100001041cf2f7', 'bandage', 0),
	(574, 'steam:1100001041cf2f7', 'fishingrod', 0),
	(575, 'steam:1100001041cf2f7', 'fishbait', 0),
	(576, 'steam:1100001041cf2f7', 'carotool', 0),
	(577, 'steam:1100001041cf2f7', 'turtle', 0),
	(578, 'steam:1100001041cf2f7', 'gazbottle', 0),
	(579, 'steam:1100001041cf2f7', 'fixtool', 0),
	(580, 'steam:1100001041cf2f7', 'fishingknife', 0),
	(581, 'steam:1100001041cf2f7', 'medikit', 0),
	(582, 'steam:1100001041cf2f7', 'shark', 0),
	(583, 'steam:1100001041cf2f7', 'turtlebait', 0),
	(584, 'steam:1100001041cf2f7', 'cannabis', 3),
	(585, 'steam:1100001041cf2f7', 'blowpipe', 0),
	(586, 'steam:1100001041cf2f7', 'marijuana', 0),
	(587, 'steam:1100001041cf2f7', 'carokit', 0),
	(588, 'steam:11000010f49a2a4', 'cannabis', 0),
	(589, 'steam:11000010f49a2a4', 'fixkit', 0),
	(590, 'steam:11000010f49a2a4', 'fishbait', 0),
	(591, 'steam:11000010f49a2a4', 'carokit', 0),
	(592, 'steam:11000010f49a2a4', 'blowpipe', 0),
	(593, 'steam:11000010f49a2a4', 'medikit', 0),
	(594, 'steam:11000010f49a2a4', 'turtlebait', 0),
	(595, 'steam:11000010f49a2a4', 'fixtool', 0),
	(596, 'steam:11000010f49a2a4', 'fishingrod', 0),
	(597, 'steam:11000010f49a2a4', 'turtle', 0),
	(598, 'steam:11000010f49a2a4', 'fishingknife', 0),
	(599, 'steam:11000010f49a2a4', 'bandage', 0),
	(600, 'steam:11000010f49a2a4', 'fish', 0),
	(601, 'steam:11000010f49a2a4', 'marijuana', 0),
	(602, 'steam:11000010f49a2a4', 'shark', 0),
	(603, 'steam:11000010f49a2a4', 'gazbottle', 0),
	(604, 'steam:11000010f49a2a4', 'carotool', 0),
	(605, 'steam:110000101a7a8ea', 'fishingrod', 0),
	(606, 'steam:110000101a7a8ea', 'turtlebait', 0),
	(607, 'steam:110000101a7a8ea', 'fish', 0),
	(608, 'steam:110000101a7a8ea', 'fishingknife', 0),
	(609, 'steam:110000101a7a8ea', 'shark', 0),
	(610, 'steam:110000101a7a8ea', 'turtle', 0),
	(611, 'steam:110000101a7a8ea', 'fishbait', 0),
	(612, 'steam:11000010480d0d2', 'shark', 0),
	(613, 'steam:11000010480d0d2', 'blowpipe', 0),
	(614, 'steam:11000010480d0d2', 'fishbait', 0),
	(615, 'steam:11000010480d0d2', 'fishingknife', 0),
	(616, 'steam:11000010480d0d2', 'cannabis', 0),
	(617, 'steam:11000010480d0d2', 'medikit', 4),
	(618, 'steam:11000010480d0d2', 'gazbottle', 0),
	(619, 'steam:11000010480d0d2', 'carokit', 0),
	(620, 'steam:11000010480d0d2', 'marijuana', 0),
	(621, 'steam:11000010480d0d2', 'fixkit', 0),
	(622, 'steam:11000010480d0d2', 'bandage', 20),
	(623, 'steam:11000010480d0d2', 'turtle', 0),
	(624, 'steam:11000010480d0d2', 'turtlebait', 0),
	(625, 'steam:11000010480d0d2', 'carotool', 0),
	(626, 'steam:11000010480d0d2', 'fish', 0),
	(627, 'steam:11000010480d0d2', 'fixtool', 0),
	(628, 'steam:11000010480d0d2', 'fishingrod', 0),
	(629, 'steam:11000010e9f4cad', 'shark', 0),
	(630, 'steam:11000010e9f4cad', 'blowpipe', 0),
	(631, 'steam:11000010e9f4cad', 'fishbait', 0),
	(632, 'steam:11000010e9f4cad', 'fishingknife', 0),
	(633, 'steam:11000010e9f4cad', 'cannabis', 0),
	(634, 'steam:11000010e9f4cad', 'medikit', 0),
	(635, 'steam:11000010e9f4cad', 'gazbottle', 0),
	(636, 'steam:11000010e9f4cad', 'carokit', 0),
	(637, 'steam:11000010e9f4cad', 'marijuana', 0),
	(638, 'steam:11000010e9f4cad', 'fixkit', 0),
	(639, 'steam:11000010e9f4cad', 'bandage', 0),
	(640, 'steam:11000010e9f4cad', 'turtle', 0),
	(641, 'steam:11000010e9f4cad', 'turtlebait', 0),
	(642, 'steam:11000010e9f4cad', 'carotool', 0),
	(643, 'steam:11000010e9f4cad', 'fish', 0),
	(644, 'steam:11000010e9f4cad', 'fixtool', 0),
	(645, 'steam:11000010e9f4cad', 'fishingrod', 0),
	(646, 'steam:11000010780fcb2', 'shark', 0),
	(647, 'steam:11000010780fcb2', 'blowpipe', 0),
	(648, 'steam:11000010780fcb2', 'fishbait', 0),
	(649, 'steam:11000010780fcb2', 'fishingknife', 0),
	(650, 'steam:11000010780fcb2', 'cannabis', 0),
	(651, 'steam:11000010780fcb2', 'medikit', 0),
	(652, 'steam:11000010780fcb2', 'gazbottle', 0),
	(653, 'steam:11000010780fcb2', 'carokit', 0),
	(654, 'steam:11000010780fcb2', 'marijuana', 0),
	(655, 'steam:11000010780fcb2', 'fixkit', 0),
	(656, 'steam:11000010780fcb2', 'bandage', 0),
	(657, 'steam:11000010780fcb2', 'turtle', 0),
	(658, 'steam:11000010780fcb2', 'turtlebait', 0),
	(659, 'steam:11000010780fcb2', 'carotool', 0),
	(660, 'steam:11000010780fcb2', 'fish', 0),
	(661, 'steam:11000010780fcb2', 'fixtool', 0),
	(662, 'steam:11000010780fcb2', 'fishingrod', 0),
	(663, 'steam:11000010cd31807', 'shark', 0),
	(664, 'steam:11000010cd31807', 'fishbait', 0),
	(665, 'steam:11000010cd31807', 'fishingknife', 0),
	(666, 'steam:11000010cd31807', 'turtle', 0),
	(667, 'steam:11000010cd31807', 'turtlebait', 0),
	(668, 'steam:11000010cd31807', 'fish', 0),
	(669, 'steam:11000010cd31807', 'fishingrod', 0),
	(670, 'steam:11000010400b1fc', 'shark', 0),
	(671, 'steam:11000010400b1fc', 'fishbait', 0),
	(672, 'steam:11000010400b1fc', 'fishingknife', 0),
	(673, 'steam:11000010400b1fc', 'turtle', 0),
	(674, 'steam:11000010400b1fc', 'turtlebait', 0),
	(675, 'steam:11000010400b1fc', 'fish', 0),
	(676, 'steam:11000010400b1fc', 'fishingrod', 0),
	(677, 'steam:1100001073dda0b', 'shark', 0),
	(678, 'steam:1100001073dda0b', 'fishbait', 0),
	(679, 'steam:1100001073dda0b', 'fishingknife', 0),
	(680, 'steam:1100001073dda0b', 'turtle', 0),
	(681, 'steam:1100001073dda0b', 'turtlebait', 0),
	(682, 'steam:1100001073dda0b', 'fish', 0),
	(683, 'steam:1100001073dda0b', 'fishingrod', 0),
	(684, 'steam:11000010c14682d', 'turtle', 0),
	(685, 'steam:11000010c14682d', 'fish', 0),
	(686, 'steam:11000010c14682d', 'fishingrod', 0),
	(687, 'steam:11000010c14682d', 'fishbait', 0),
	(688, 'steam:11000010c14682d', 'turtlebait', 0),
	(689, 'steam:11000010c14682d', 'shark', 0),
	(690, 'steam:11000010c14682d', 'fishingknife', 0),
	(691, 'steam:11000010be66d11', 'turtle', 0),
	(692, 'steam:11000010be66d11', 'fish', 0),
	(693, 'steam:11000010be66d11', 'fishingrod', 0),
	(694, 'steam:11000010be66d11', 'fishbait', 0),
	(695, 'steam:11000010be66d11', 'turtlebait', 0),
	(696, 'steam:11000010be66d11', 'shark', 0),
	(697, 'steam:11000010be66d11', 'fishingknife', 0),
	(698, 'steam:11000010bf88d2b', 'wine', 0),
	(699, 'steam:11000010bf88d2b', 'fish', 0),
	(700, 'steam:11000010bf88d2b', 'fishbait', 0),
	(701, 'steam:11000010bf88d2b', 'shark', 0),
	(702, 'steam:11000010bf88d2b', 'turtlebait', 0),
	(703, 'steam:11000010bf88d2b', 'grapes', 0),
	(704, 'steam:11000010bf88d2b', 'fishingrod', 0),
	(705, 'steam:11000010bf88d2b', 'turtle', 0),
	(706, 'steam:11000010bf88d2b', 'fishingknife', 0),
	(707, 'steam:110000103965729', 'wine', 0),
	(708, 'steam:110000103965729', 'grapes', 0),
	(709, 'steam:11000010480d0d2', 'wine', 0),
	(710, 'steam:11000010480d0d2', 'grapes', 0),
	(711, 'steam:110000113a28bfb', 'wine', 0),
	(712, 'steam:110000113a28bfb', 'grapes', 0),
	(713, 'steam:11000010181f7dc', 'wine', 0),
	(714, 'steam:11000010181f7dc', 'grapes', 1),
	(715, 'steam:110000115c03b52', 'wine', 0),
	(716, 'steam:110000115c03b52', 'fish', 0),
	(717, 'steam:110000115c03b52', 'fishbait', 0),
	(718, 'steam:110000115c03b52', 'shark', 0),
	(719, 'steam:110000115c03b52', 'turtlebait', 0),
	(720, 'steam:110000115c03b52', 'grapes', 0),
	(721, 'steam:110000115c03b52', 'fishingrod', 0),
	(722, 'steam:110000115c03b52', 'turtle', 0),
	(723, 'steam:110000115c03b52', 'fishingknife', 0),
	(724, 'steam:110000105bb5ee8', 'wine', 0),
	(725, 'steam:110000105bb5ee8', 'grapes', 0),
	(726, 'steam:110000106a296fa', 'wine', 0),
	(727, 'steam:110000106a296fa', 'grapes', 0),
	(728, 'steam:110000101536738', 'wine', 0),
	(729, 'steam:110000101536738', 'grapes', 1),
	(730, 'steam:110000113af0075', 'grapes', 0),
	(731, 'steam:110000113af0075', 'wine', 0),
	(732, 'steam:11000010be66d11', 'grapes', 0),
	(733, 'steam:11000010be66d11', 'wine', 0),
	(734, 'steam:11000010400b1fc', 'grapes', 0),
	(735, 'steam:11000010400b1fc', 'wine', 0),
	(736, 'steam:11000010c14682d', 'grapes', 0),
	(737, 'steam:11000010c14682d', 'wine', 0),
	(738, 'steam:11000011404588c', 'fishbait', 0),
	(739, 'steam:11000011404588c', 'fish', 0),
	(740, 'steam:11000011404588c', 'grapes', 0),
	(741, 'steam:11000011404588c', 'fishingknife', 0),
	(742, 'steam:11000011404588c', 'fishingrod', 0),
	(743, 'steam:11000011404588c', 'wine', 0),
	(744, 'steam:11000011404588c', 'shark', 0),
	(745, 'steam:11000011404588c', 'turtlebait', 0),
	(746, 'steam:11000011404588c', 'turtle', 0),
	(747, 'steam:11000011390f910', 'fishbait', 0),
	(748, 'steam:11000011390f910', 'fish', 0),
	(749, 'steam:11000011390f910', 'grapes', 0),
	(750, 'steam:11000011390f910', 'fishingknife', 0),
	(751, 'steam:11000011390f910', 'fishingrod', 0),
	(752, 'steam:11000011390f910', 'wine', 0),
	(753, 'steam:11000011390f910', 'shark', 0),
	(754, 'steam:11000011390f910', 'turtlebait', 0),
	(755, 'steam:11000011390f910', 'turtle', 0),
	(756, 'steam:110000106f7ce3f', 'grapes', 0),
	(757, 'steam:110000106f7ce3f', 'wine', 0),
	(758, 'steam:11000010f49a2a4', 'grapes', 0),
	(759, 'steam:11000010f49a2a4', 'wine', 0),
	(760, 'steam:110000107cad5a4', 'fishbait', 0),
	(761, 'steam:110000107cad5a4', 'fish', 0),
	(762, 'steam:110000107cad5a4', 'grapes', 0),
	(763, 'steam:110000107cad5a4', 'fishingknife', 0),
	(764, 'steam:110000107cad5a4', 'fishingrod', 0),
	(765, 'steam:110000107cad5a4', 'wine', 0),
	(766, 'steam:110000107cad5a4', 'shark', 0),
	(767, 'steam:110000107cad5a4', 'turtlebait', 0),
	(768, 'steam:110000107cad5a4', 'turtle', 0),
	(769, 'steam:11000011214e91c', 'fishbait', 0),
	(770, 'steam:11000011214e91c', 'fish', 0),
	(771, 'steam:11000011214e91c', 'grapes', 0),
	(772, 'steam:11000011214e91c', 'fishingknife', 0),
	(773, 'steam:11000011214e91c', 'fishingrod', 0),
	(774, 'steam:11000011214e91c', 'wine', 0),
	(775, 'steam:11000011214e91c', 'shark', 0),
	(776, 'steam:11000011214e91c', 'turtlebait', 0),
	(777, 'steam:11000011214e91c', 'turtle', 0),
	(778, 'steam:1100001041cf2f7', 'grapes', 0),
	(779, 'steam:1100001041cf2f7', 'wine', 0),
	(780, 'steam:1100001095b72f7', 'fishbait', 0),
	(781, 'steam:1100001095b72f7', 'fish', 0),
	(782, 'steam:1100001095b72f7', 'grapes', 0),
	(783, 'steam:1100001095b72f7', 'fishingknife', 0),
	(784, 'steam:1100001095b72f7', 'fishingrod', 0),
	(785, 'steam:1100001095b72f7', 'wine', 0),
	(786, 'steam:1100001095b72f7', 'shark', 0),
	(787, 'steam:1100001095b72f7', 'turtlebait', 0),
	(788, 'steam:1100001095b72f7', 'turtle', 0),
	(789, 'steam:110000106ae3653', 'fishbait', 0),
	(790, 'steam:110000106ae3653', 'carotool', 0),
	(791, 'steam:110000106ae3653', 'medikit', 0),
	(792, 'steam:110000106ae3653', 'fixkit', 0),
	(793, 'steam:110000106ae3653', 'gazbottle', 0),
	(794, 'steam:110000106ae3653', 'bandage', 0),
	(795, 'steam:110000106ae3653', 'fish', 0),
	(796, 'steam:110000106ae3653', 'fixtool', 0),
	(797, 'steam:110000106ae3653', 'grapes', 0),
	(798, 'steam:110000106ae3653', 'fishingknife', 0),
	(799, 'steam:110000106ae3653', 'fishingrod', 0),
	(800, 'steam:110000106ae3653', 'cannabis', 0),
	(801, 'steam:110000106ae3653', 'blowpipe', 0),
	(802, 'steam:110000106ae3653', 'marijuana', 0),
	(803, 'steam:110000106ae3653', 'carokit', 0),
	(804, 'steam:110000106ae3653', 'wine', 0),
	(805, 'steam:110000106ae3653', 'shark', 0),
	(806, 'steam:110000106ae3653', 'turtlebait', 0),
	(807, 'steam:110000106ae3653', 'turtle', 0),
	(808, 'steam:11000010a295d61', 'grapes', 0),
	(809, 'steam:11000010a295d61', 'wine', 0),
	(810, 'steam:110000103f0a3a1', 'fishbait', 0),
	(811, 'steam:110000103f0a3a1', 'carotool', 0),
	(812, 'steam:110000103f0a3a1', 'medikit', 0),
	(813, 'steam:110000103f0a3a1', 'fixkit', 0),
	(814, 'steam:110000103f0a3a1', 'gazbottle', 0),
	(815, 'steam:110000103f0a3a1', 'bandage', 0),
	(816, 'steam:110000103f0a3a1', 'fish', 0),
	(817, 'steam:110000103f0a3a1', 'fixtool', 0),
	(818, 'steam:110000103f0a3a1', 'grapes', 0),
	(819, 'steam:110000103f0a3a1', 'fishingknife', 0),
	(820, 'steam:110000103f0a3a1', 'fishingrod', 0),
	(821, 'steam:110000103f0a3a1', 'cannabis', 0),
	(822, 'steam:110000103f0a3a1', 'blowpipe', 0),
	(823, 'steam:110000103f0a3a1', 'marijuana', 0),
	(824, 'steam:110000103f0a3a1', 'carokit', 0),
	(825, 'steam:110000103f0a3a1', 'wine', 0),
	(826, 'steam:110000103f0a3a1', 'shark', 0),
	(827, 'steam:110000103f0a3a1', 'turtlebait', 0),
	(828, 'steam:110000103f0a3a1', 'turtle', 0),
	(829, 'steam:11000010cd31807', 'wine', 0),
	(830, 'steam:11000010cd31807', 'grapes', 0),
	(831, 'steam:11000011131a78e', 'cannabis', 0),
	(832, 'steam:11000011131a78e', 'carokit', 0),
	(833, 'steam:11000011131a78e', 'turtle', 0),
	(834, 'steam:11000011131a78e', 'fish', 0),
	(835, 'steam:11000011131a78e', 'fixkit', 0),
	(836, 'steam:11000011131a78e', 'fishbait', 0),
	(837, 'steam:11000011131a78e', 'medikit', 0),
	(838, 'steam:11000011131a78e', 'bandage', 0),
	(839, 'steam:11000011131a78e', 'turtlebait', 0),
	(840, 'steam:11000011131a78e', 'fixtool', 0),
	(841, 'steam:11000011131a78e', 'shark', 0),
	(842, 'steam:11000011131a78e', 'carotool', 0),
	(843, 'steam:11000011131a78e', 'gazbottle', 0),
	(844, 'steam:11000011131a78e', 'fishingknife', 0),
	(845, 'steam:11000011131a78e', 'wine', 0),
	(846, 'steam:11000011131a78e', 'blowpipe', 0),
	(847, 'steam:11000011131a78e', 'grapes', 0),
	(848, 'steam:11000011131a78e', 'marijuana', 0),
	(849, 'steam:11000011131a78e', 'fishingrod', 0),
	(850, 'steam:1100001073dda0b', 'wine', 0),
	(851, 'steam:1100001073dda0b', 'grapes', 0),
	(852, 'steam:110000110bc416a', 'wine', 0),
	(853, 'steam:110000110bc416a', 'grapes', 0),
	(854, 'steam:110000100a219d0', 'turtlebait', 0),
	(855, 'steam:110000100a219d0', 'fishingrod', 0),
	(856, 'steam:110000100a219d0', 'fishbait', 0),
	(857, 'steam:110000100a219d0', 'fishingknife', 0),
	(858, 'steam:110000100a219d0', 'grapes', 0),
	(859, 'steam:110000100a219d0', 'turtle', 0),
	(860, 'steam:110000100a219d0', 'fish', 0),
	(861, 'steam:110000100a219d0', 'shark', 0),
	(862, 'steam:110000100a219d0', 'wine', 0),
	(863, 'steam:11000010ef49b2d', 'turtlebait', 0),
	(864, 'steam:11000010ef49b2d', 'fishingrod', 0),
	(865, 'steam:11000010ef49b2d', 'fishbait', 0),
	(866, 'steam:11000010ef49b2d', 'fishingknife', 0),
	(867, 'steam:11000010ef49b2d', 'grapes', 0),
	(868, 'steam:11000010ef49b2d', 'turtle', 0),
	(869, 'steam:11000010ef49b2d', 'fish', 0),
	(870, 'steam:11000010ef49b2d', 'shark', 0),
	(871, 'steam:11000010ef49b2d', 'wine', 0),
	(872, 'steam:11000010780fcb2', 'grapes', 0),
	(873, 'steam:11000010780fcb2', 'wine', 0),
	(874, 'steam:110000111aa29f1', 'turtlebait', 0),
	(875, 'steam:110000111aa29f1', 'fishingrod', 0),
	(876, 'steam:110000111aa29f1', 'fishbait', 0),
	(877, 'steam:110000111aa29f1', 'fishingknife', 0),
	(878, 'steam:110000111aa29f1', 'grapes', 0),
	(879, 'steam:110000111aa29f1', 'turtle', 0),
	(880, 'steam:110000111aa29f1', 'fish', 0),
	(881, 'steam:110000111aa29f1', 'shark', 0),
	(882, 'steam:110000111aa29f1', 'wine', 0),
	(883, 'steam:110000112e8a7c2', 'fishingknife', 0),
	(884, 'steam:110000112e8a7c2', 'fishingrod', 0),
	(885, 'steam:110000112e8a7c2', 'wine', 0),
	(886, 'steam:110000112e8a7c2', 'fish', 0),
	(887, 'steam:110000112e8a7c2', 'fishbait', 0),
	(888, 'steam:110000112e8a7c2', 'grapes', 0),
	(889, 'steam:110000112e8a7c2', 'turtlebait', 0),
	(890, 'steam:110000112e8a7c2', 'shark', 0),
	(891, 'steam:110000112e8a7c2', 'turtle', 0),
	(892, 'steam:110000105ae120c', 'blowpipe', 0),
	(893, 'steam:110000105ae120c', 'fishingknife', 0),
	(894, 'steam:110000105ae120c', 'fishingrod', 0),
	(895, 'steam:110000105ae120c', 'wine', 0),
	(896, 'steam:110000105ae120c', 'bandage', 0),
	(897, 'steam:110000105ae120c', 'fish', 0),
	(898, 'steam:110000105ae120c', 'fishbait', 0),
	(899, 'steam:110000105ae120c', 'grapes', 0),
	(900, 'steam:110000105ae120c', 'gazbottle', 0),
	(901, 'steam:110000105ae120c', 'marijuana', 0),
	(902, 'steam:110000105ae120c', 'fixkit', 0),
	(903, 'steam:110000105ae120c', 'turtlebait', 0),
	(904, 'steam:110000105ae120c', 'shark', 0),
	(905, 'steam:110000105ae120c', 'medikit', 0),
	(906, 'steam:110000105ae120c', 'carokit', 0),
	(907, 'steam:110000105ae120c', 'turtle', 0),
	(908, 'steam:110000105ae120c', 'carotool', 0),
	(909, 'steam:110000105ae120c', 'fixtool', 0),
	(910, 'steam:110000105ae120c', 'cannabis', 0),
	(911, 'steam:110000105f9d1e1', 'blowpipe', 0),
	(912, 'steam:110000105f9d1e1', 'fishingknife', 0),
	(913, 'steam:110000105f9d1e1', 'fishingrod', 0),
	(914, 'steam:110000105f9d1e1', 'wine', 0),
	(915, 'steam:110000105f9d1e1', 'bandage', 0),
	(916, 'steam:110000105f9d1e1', 'fish', 0),
	(917, 'steam:110000105f9d1e1', 'fishbait', 0),
	(918, 'steam:110000105f9d1e1', 'grapes', 0),
	(919, 'steam:110000105f9d1e1', 'gazbottle', 0),
	(920, 'steam:110000105f9d1e1', 'marijuana', 0),
	(921, 'steam:110000105f9d1e1', 'fixkit', 0),
	(922, 'steam:110000105f9d1e1', 'turtlebait', 0),
	(923, 'steam:110000105f9d1e1', 'shark', 0),
	(924, 'steam:110000105f9d1e1', 'medikit', 0),
	(925, 'steam:110000105f9d1e1', 'carokit', 0),
	(926, 'steam:110000105f9d1e1', 'turtle', 0),
	(927, 'steam:110000105f9d1e1', 'carotool', 0),
	(928, 'steam:110000105f9d1e1', 'fixtool', 0),
	(929, 'steam:110000105f9d1e1', 'cannabis', 0),
	(930, 'steam:110000102def17a', 'blowpipe', 0),
	(931, 'steam:110000102def17a', 'fishingknife', 0),
	(932, 'steam:110000102def17a', 'fishingrod', 0),
	(933, 'steam:110000102def17a', 'wine', 0),
	(934, 'steam:110000102def17a', 'bandage', 0),
	(935, 'steam:110000102def17a', 'fish', 0),
	(936, 'steam:110000102def17a', 'fishbait', 0),
	(937, 'steam:110000102def17a', 'grapes', 0),
	(938, 'steam:110000102def17a', 'gazbottle', 0),
	(939, 'steam:110000102def17a', 'marijuana', 0),
	(940, 'steam:110000102def17a', 'fixkit', 0),
	(941, 'steam:110000102def17a', 'turtlebait', 0),
	(942, 'steam:110000102def17a', 'shark', 0),
	(943, 'steam:110000102def17a', 'medikit', 0),
	(944, 'steam:110000102def17a', 'carokit', 0),
	(945, 'steam:110000102def17a', 'turtle', 0),
	(946, 'steam:110000102def17a', 'carotool', 0),
	(947, 'steam:110000102def17a', 'fixtool', 0),
	(948, 'steam:110000102def17a', 'cannabis', 0),
	(949, 'steam:110000105ee37bc', 'blowpipe', 0),
	(950, 'steam:110000105ee37bc', 'fishingknife', 0),
	(951, 'steam:110000105ee37bc', 'fishingrod', 0),
	(952, 'steam:110000105ee37bc', 'wine', 0),
	(953, 'steam:110000105ee37bc', 'bandage', 0),
	(954, 'steam:110000105ee37bc', 'fish', 0),
	(955, 'steam:110000105ee37bc', 'fishbait', 0),
	(956, 'steam:110000105ee37bc', 'grapes', 0),
	(957, 'steam:110000105ee37bc', 'gazbottle', 0),
	(958, 'steam:110000105ee37bc', 'marijuana', 0),
	(959, 'steam:110000105ee37bc', 'fixkit', 0),
	(960, 'steam:110000105ee37bc', 'turtlebait', 0),
	(961, 'steam:110000105ee37bc', 'shark', 0),
	(962, 'steam:110000105ee37bc', 'medikit', 0),
	(963, 'steam:110000105ee37bc', 'carokit', 0),
	(964, 'steam:110000105ee37bc', 'turtle', 0),
	(965, 'steam:110000105ee37bc', 'carotool', 0),
	(966, 'steam:110000105ee37bc', 'fixtool', 0),
	(967, 'steam:110000105ee37bc', 'cannabis', 0),
	(968, 'steam:1100001069e90ec', 'blowpipe', 0),
	(969, 'steam:1100001069e90ec', 'fishingknife', 0),
	(970, 'steam:1100001069e90ec', 'fishingrod', 0),
	(971, 'steam:1100001069e90ec', 'wine', 0),
	(972, 'steam:1100001069e90ec', 'bandage', 0),
	(973, 'steam:1100001069e90ec', 'fish', 0),
	(974, 'steam:1100001069e90ec', 'fishbait', 0),
	(975, 'steam:1100001069e90ec', 'grapes', 0),
	(976, 'steam:1100001069e90ec', 'gazbottle', 0),
	(977, 'steam:1100001069e90ec', 'marijuana', 0),
	(978, 'steam:1100001069e90ec', 'fixkit', 0),
	(979, 'steam:1100001069e90ec', 'turtlebait', 0),
	(980, 'steam:1100001069e90ec', 'shark', 0),
	(981, 'steam:1100001069e90ec', 'medikit', 0),
	(982, 'steam:1100001069e90ec', 'carokit', 0),
	(983, 'steam:1100001069e90ec', 'turtle', 0),
	(984, 'steam:1100001069e90ec', 'carotool', 0),
	(985, 'steam:1100001069e90ec', 'fixtool', 0),
	(986, 'steam:1100001069e90ec', 'cannabis', 0),
	(987, 'steam:110000101a7a8ea', 'wine', 0),
	(988, 'steam:110000101a7a8ea', 'grapes', 0),
	(989, 'steam:1100001025368dd', 'shark', 0),
	(990, 'steam:1100001025368dd', 'fixtool', 0),
	(991, 'steam:1100001025368dd', 'fixkit', 0),
	(992, 'steam:1100001025368dd', 'marijuana', 0),
	(993, 'steam:1100001025368dd', 'carokit', 0),
	(994, 'steam:1100001025368dd', 'bandage', 16),
	(995, 'steam:1100001025368dd', 'blowpipe', 0),
	(996, 'steam:1100001025368dd', 'medikit', 6),
	(997, 'steam:1100001025368dd', 'fish', 3),
	(998, 'steam:1100001025368dd', 'fishingknife', 1),
	(999, 'steam:1100001025368dd', 'grapes', 0),
	(1000, 'steam:1100001025368dd', 'carotool', 0),
	(1001, 'steam:1100001025368dd', 'wine', 0),
	(1002, 'steam:1100001025368dd', 'fishingrod', 1),
	(1003, 'steam:1100001025368dd', 'fishbait', 15),
	(1004, 'steam:1100001025368dd', 'cannabis', 0),
	(1005, 'steam:1100001025368dd', 'turtle', 0),
	(1006, 'steam:1100001025368dd', 'gazbottle', 0),
	(1007, 'steam:1100001025368dd', 'turtlebait', 0),
	(1008, 'steam:11000010dc09b12', 'wine', 0),
	(1009, 'steam:11000010dc09b12', 'fishingknife', 0),
	(1010, 'steam:11000010dc09b12', 'marijuana', 0),
	(1011, 'steam:11000010dc09b12', 'carotool', 0),
	(1012, 'steam:11000010dc09b12', 'fishingrod', 0),
	(1013, 'steam:11000010dc09b12', 'turtlebait', 0),
	(1014, 'steam:11000010dc09b12', 'medikit', 0),
	(1015, 'steam:11000010dc09b12', 'fixtool', 0),
	(1016, 'steam:11000010dc09b12', 'fixkit', 0),
	(1017, 'steam:11000010dc09b12', 'bandage', 0),
	(1018, 'steam:11000010dc09b12', 'turtle', 0),
	(1019, 'steam:11000010dc09b12', 'shark', 0),
	(1020, 'steam:11000010dc09b12', 'fishbait', 0),
	(1021, 'steam:11000010dc09b12', 'blowpipe', 0),
	(1022, 'steam:11000010dc09b12', 'cannabis', 0),
	(1023, 'steam:11000010dc09b12', 'grapes', 0),
	(1024, 'steam:11000010dc09b12', 'fish', 0),
	(1025, 'steam:11000010dc09b12', 'gazbottle', 0),
	(1026, 'steam:11000010dc09b12', 'carokit', 0),
	(1027, 'steam:1100001076ef413', 'wine', 0),
	(1028, 'steam:1100001076ef413', 'fishingknife', 0),
	(1029, 'steam:1100001076ef413', 'fishingrod', 0),
	(1030, 'steam:1100001076ef413', 'turtlebait', 0),
	(1031, 'steam:1100001076ef413', 'turtle', 0),
	(1032, 'steam:1100001076ef413', 'shark', 0),
	(1033, 'steam:1100001076ef413', 'fishbait', 0),
	(1034, 'steam:1100001076ef413', 'grapes', 0),
	(1035, 'steam:1100001076ef413', 'fish', 0),
	(1036, 'steam:110000139d015e8', 'wine', 0),
	(1037, 'steam:110000139d015e8', 'fishingknife', 0),
	(1038, 'steam:110000139d015e8', 'marijuana', 0),
	(1039, 'steam:110000139d015e8', 'carotool', 0),
	(1040, 'steam:110000139d015e8', 'fishingrod', 0),
	(1041, 'steam:110000139d015e8', 'turtlebait', 0),
	(1042, 'steam:110000139d015e8', 'medikit', 0),
	(1043, 'steam:110000139d015e8', 'fixtool', 0),
	(1044, 'steam:110000139d015e8', 'fixkit', 0),
	(1045, 'steam:110000139d015e8', 'bandage', 0),
	(1046, 'steam:110000139d015e8', 'turtle', 0),
	(1047, 'steam:110000139d015e8', 'shark', 0),
	(1048, 'steam:110000139d015e8', 'fishbait', 0),
	(1049, 'steam:110000139d015e8', 'blowpipe', 0),
	(1050, 'steam:110000139d015e8', 'cannabis', 0),
	(1051, 'steam:110000139d015e8', 'grapes', 0),
	(1052, 'steam:110000139d015e8', 'fish', 0),
	(1053, 'steam:110000139d015e8', 'gazbottle', 0),
	(1054, 'steam:110000139d015e8', 'carokit', 0),
	(1055, 'steam:11000011d0c9c1c', 'shark', 0),
	(1056, 'steam:11000011d0c9c1c', 'grapes', 0),
	(1057, 'steam:11000011d0c9c1c', 'fishbait', 0),
	(1058, 'steam:11000011d0c9c1c', 'fishingknife', 0),
	(1059, 'steam:11000011d0c9c1c', 'turtlebait', 0),
	(1060, 'steam:11000011d0c9c1c', 'turtle', 0),
	(1061, 'steam:11000011d0c9c1c', 'fishingrod', 0),
	(1062, 'steam:11000011d0c9c1c', 'wine', 0),
	(1063, 'steam:11000011d0c9c1c', 'fish', 0),
	(1064, 'steam:11000010b6bcd0e', 'shark', 0),
	(1065, 'steam:11000010b6bcd0e', 'grapes', 0),
	(1066, 'steam:11000010b6bcd0e', 'fishbait', 0),
	(1067, 'steam:11000010b6bcd0e', 'fishingknife', 0),
	(1068, 'steam:11000010b6bcd0e', 'turtlebait', 0),
	(1069, 'steam:11000010b6bcd0e', 'turtle', 0),
	(1070, 'steam:11000010b6bcd0e', 'fishingrod', 0),
	(1071, 'steam:11000010b6bcd0e', 'wine', 0),
	(1072, 'steam:11000010b6bcd0e', 'fish', 0),
	(1073, 'steam:11000010ae36824', 'carotool', 0),
	(1074, 'steam:11000010ae36824', 'medikit', 0),
	(1075, 'steam:11000010ae36824', 'gazbottle', 0),
	(1076, 'steam:11000010ae36824', 'carokit', 0),
	(1077, 'steam:11000010ae36824', 'cannabis', 0),
	(1078, 'steam:11000010ae36824', 'fishbait', 0),
	(1079, 'steam:11000010ae36824', 'turtlebait', 0),
	(1080, 'steam:11000010ae36824', 'grapes', 0),
	(1081, 'steam:11000010ae36824', 'marijuana', 0),
	(1082, 'steam:11000010ae36824', 'bandage', 0),
	(1083, 'steam:11000010ae36824', 'fixkit', 0),
	(1084, 'steam:11000010ae36824', 'fixtool', 0),
	(1085, 'steam:11000010ae36824', 'wine', 0),
	(1086, 'steam:11000010ae36824', 'shark', 0),
	(1087, 'steam:11000010ae36824', 'turtle', 0),
	(1088, 'steam:11000010ae36824', 'blowpipe', 0),
	(1089, 'steam:11000010ae36824', 'fishingrod', 0),
	(1090, 'steam:11000010ae36824', 'fish', 0),
	(1091, 'steam:11000010ae36824', 'fishingknife', 0),
	(1092, 'steam:1100001073f15ac', 'carotool', 0),
	(1093, 'steam:1100001073f15ac', 'medikit', 0),
	(1094, 'steam:1100001073f15ac', 'gazbottle', 0),
	(1095, 'steam:1100001073f15ac', 'carokit', 0),
	(1096, 'steam:1100001073f15ac', 'cannabis', 0),
	(1097, 'steam:1100001073f15ac', 'fishbait', 0),
	(1098, 'steam:1100001073f15ac', 'turtlebait', 0),
	(1099, 'steam:1100001073f15ac', 'grapes', 0),
	(1100, 'steam:1100001073f15ac', 'marijuana', 0),
	(1101, 'steam:1100001073f15ac', 'bandage', 0),
	(1102, 'steam:1100001073f15ac', 'fixkit', 0),
	(1103, 'steam:1100001073f15ac', 'fixtool', 0),
	(1104, 'steam:1100001073f15ac', 'wine', 0),
	(1105, 'steam:1100001073f15ac', 'shark', 0),
	(1106, 'steam:1100001073f15ac', 'turtle', 0),
	(1107, 'steam:1100001073f15ac', 'blowpipe', 0),
	(1108, 'steam:1100001073f15ac', 'fishingrod', 0),
	(1109, 'steam:1100001073f15ac', 'fish', 0),
	(1110, 'steam:1100001073f15ac', 'fishingknife', 0),
	(1111, 'steam:11000010188f986', 'carotool', 0),
	(1112, 'steam:11000010188f986', 'medikit', 1),
	(1113, 'steam:11000010188f986', 'gazbottle', 0),
	(1114, 'steam:11000010188f986', 'carokit', 0),
	(1115, 'steam:11000010188f986', 'cannabis', 0),
	(1116, 'steam:11000010188f986', 'fishbait', 16),
	(1117, 'steam:11000010188f986', 'turtlebait', 0),
	(1118, 'steam:11000010188f986', 'grapes', 0),
	(1119, 'steam:11000010188f986', 'marijuana', 0),
	(1120, 'steam:11000010188f986', 'bandage', 4),
	(1121, 'steam:11000010188f986', 'fixkit', 0),
	(1122, 'steam:11000010188f986', 'fixtool', 0),
	(1123, 'steam:11000010188f986', 'wine', 0),
	(1124, 'steam:11000010188f986', 'shark', 0),
	(1125, 'steam:11000010188f986', 'turtle', 0),
	(1126, 'steam:11000010188f986', 'blowpipe', 0),
	(1127, 'steam:11000010188f986', 'fishingrod', 1),
	(1128, 'steam:11000010188f986', 'fish', 3),
	(1129, 'steam:11000010188f986', 'fishingknife', 0),
	(1130, 'steam:1100001066d171c', 'carotool', 0),
	(1131, 'steam:1100001066d171c', 'medikit', 0),
	(1132, 'steam:1100001066d171c', 'gazbottle', 0),
	(1133, 'steam:1100001066d171c', 'carokit', 0),
	(1134, 'steam:1100001066d171c', 'cannabis', 0),
	(1135, 'steam:1100001066d171c', 'fishbait', 0),
	(1136, 'steam:1100001066d171c', 'turtlebait', 0),
	(1137, 'steam:1100001066d171c', 'grapes', 0),
	(1138, 'steam:1100001066d171c', 'marijuana', 0),
	(1139, 'steam:1100001066d171c', 'bandage', 0),
	(1140, 'steam:1100001066d171c', 'fixkit', 0),
	(1141, 'steam:1100001066d171c', 'fixtool', 0),
	(1142, 'steam:1100001066d171c', 'wine', 0),
	(1143, 'steam:1100001066d171c', 'shark', 0),
	(1144, 'steam:1100001066d171c', 'turtle', 0),
	(1145, 'steam:1100001066d171c', 'blowpipe', 0),
	(1146, 'steam:1100001066d171c', 'fishingrod', 0),
	(1147, 'steam:1100001066d171c', 'fish', 0),
	(1148, 'steam:1100001066d171c', 'fishingknife', 0),
	(1149, 'steam:11000011653861b', 'fishbait', 0),
	(1150, 'steam:11000011653861b', 'turtlebait', 0),
	(1151, 'steam:11000011653861b', 'grapes', 0),
	(1152, 'steam:11000011653861b', 'wine', 0),
	(1153, 'steam:11000011653861b', 'shark', 0),
	(1154, 'steam:11000011653861b', 'turtle', 0),
	(1155, 'steam:11000011653861b', 'fishingrod', 0),
	(1156, 'steam:11000011653861b', 'fish', 0),
	(1157, 'steam:11000011653861b', 'fishingknife', 0),
	(1158, 'steam:11000010f49a2a4', 'lockpick', 0),
	(1159, 'steam:1100001025368dd', 'lockpick', 0),
	(1160, 'steam:1100001066d171c', 'lockpick', 0),
	(1161, 'steam:11000010188f986', 'lockpick', 0),
	(1162, 'steam:11000010457bd98', 'wine', 0),
	(1163, 'steam:11000010457bd98', 'fixkit', 0),
	(1164, 'steam:11000010457bd98', 'medikit', 0),
	(1165, 'steam:11000010457bd98', 'marijuana', 0),
	(1166, 'steam:11000010457bd98', 'grapes', 0),
	(1167, 'steam:11000010457bd98', 'fishingknife', 0),
	(1168, 'steam:11000010457bd98', 'turtlebait', 0),
	(1169, 'steam:11000010457bd98', 'bandage', 0),
	(1170, 'steam:11000010457bd98', 'gazbottle', 0),
	(1171, 'steam:11000010457bd98', 'fishingrod', 0),
	(1172, 'steam:11000010457bd98', 'lockpick', 0),
	(1173, 'steam:11000010457bd98', 'carotool', 0),
	(1174, 'steam:11000010457bd98', 'carokit', 0),
	(1175, 'steam:11000010457bd98', 'turtle', 0),
	(1176, 'steam:11000010457bd98', 'shark', 0),
	(1177, 'steam:11000010457bd98', 'cannabis', 0),
	(1178, 'steam:11000010457bd98', 'fishbait', 0),
	(1179, 'steam:11000010457bd98', 'fish', 0),
	(1180, 'steam:11000010457bd98', 'blowpipe', 0),
	(1181, 'steam:11000010457bd98', 'fixtool', 0),
	(1182, 'steam:110000106f7ce3f', 'lockpick', 0),
	(1183, 'steam:11000010a295d61', 'lockpick', 0),
	(1184, 'steam:11000010181f7dc', 'lockpick', 0),
	(1185, 'steam:1100001095b72f7', 'lockpick', 0),
	(1186, 'steam:110000101a7a8ea', 'lockpick', 0),
	(1187, 'steam:110000105ee37bc', 'lockpick', 0),
	(1188, 'steam:1100001076ef413', 'lockpick', 0),
	(1189, 'steam:110000105bb5ee8', 'lockpick', 0),
	(1190, 'steam:11000011d0c9c1c', 'lockpick', 0),
	(1191, 'steam:110000102def17a', 'lockpick', 0),
	(1192, 'steam:110000113a28bfb', 'lockpick', 1),
	(1193, 'steam:110000109eeac8e', 'grapes', 0),
	(1194, 'steam:110000109eeac8e', 'cannabis', 0),
	(1195, 'steam:110000109eeac8e', 'medikit', 0),
	(1196, 'steam:110000109eeac8e', 'fishingknife', 0),
	(1197, 'steam:110000109eeac8e', 'carotool', 0),
	(1198, 'steam:110000109eeac8e', 'fixtool', 0),
	(1199, 'steam:110000109eeac8e', 'fishingrod', 0),
	(1200, 'steam:110000109eeac8e', 'wine', 0),
	(1201, 'steam:110000109eeac8e', 'bandage', 0),
	(1202, 'steam:110000109eeac8e', 'gazbottle', 0),
	(1203, 'steam:110000109eeac8e', 'carokit', 0),
	(1204, 'steam:110000109eeac8e', 'fishbait', 0),
	(1205, 'steam:110000109eeac8e', 'shark', 0),
	(1206, 'steam:110000109eeac8e', 'turtlebait', 0),
	(1207, 'steam:110000109eeac8e', 'turtle', 0),
	(1208, 'steam:110000109eeac8e', 'fish', 0),
	(1209, 'steam:110000109eeac8e', 'marijuana', 0),
	(1210, 'steam:110000109eeac8e', 'fixkit', 0),
	(1211, 'steam:110000109eeac8e', 'lockpick', 0),
	(1212, 'steam:110000109eeac8e', 'blowpipe', 0),
	(1213, 'steam:110000104437a45', 'grapes', 0),
	(1214, 'steam:110000104437a45', 'cannabis', 0),
	(1215, 'steam:110000104437a45', 'medikit', 0),
	(1216, 'steam:110000104437a45', 'fishingknife', 0),
	(1217, 'steam:110000104437a45', 'carotool', 0),
	(1218, 'steam:110000104437a45', 'fixtool', 0),
	(1219, 'steam:110000104437a45', 'fishingrod', 0),
	(1220, 'steam:110000104437a45', 'wine', 0),
	(1221, 'steam:110000104437a45', 'bandage', 0),
	(1222, 'steam:110000104437a45', 'gazbottle', 0),
	(1223, 'steam:110000104437a45', 'carokit', 0),
	(1224, 'steam:110000104437a45', 'fishbait', 0),
	(1225, 'steam:110000104437a45', 'shark', 0),
	(1226, 'steam:110000104437a45', 'turtlebait', 0),
	(1227, 'steam:110000104437a45', 'turtle', 0),
	(1228, 'steam:110000104437a45', 'fish', 0),
	(1229, 'steam:110000104437a45', 'marijuana', 0),
	(1230, 'steam:110000104437a45', 'fixkit', 0),
	(1231, 'steam:110000104437a45', 'lockpick', 0),
	(1232, 'steam:110000104437a45', 'blowpipe', 0),
	(1233, 'steam:11000010ef49b2d', 'lockpick', 0),
	(1234, 'steam:11000010be66d11', 'lockpick', 0),
	(1235, 'steam:11000011c6dbc6b', 'grapes', 0),
	(1236, 'steam:11000011c6dbc6b', 'fishingknife', 0),
	(1237, 'steam:11000011c6dbc6b', 'fishingrod', 0),
	(1238, 'steam:11000011c6dbc6b', 'wine', 0),
	(1239, 'steam:11000011c6dbc6b', 'fishbait', 0),
	(1240, 'steam:11000011c6dbc6b', 'shark', 0),
	(1241, 'steam:11000011c6dbc6b', 'turtlebait', 0),
	(1242, 'steam:11000011c6dbc6b', 'turtle', 0),
	(1243, 'steam:11000011c6dbc6b', 'fish', 0),
	(1244, 'steam:11000011c6dbc6b', 'lockpick', 0),
	(1245, 'steam:11000010053205c', 'grapes', 0),
	(1246, 'steam:11000010053205c', 'cannabis', 2),
	(1247, 'steam:11000010053205c', 'medikit', 0),
	(1248, 'steam:11000010053205c', 'carotool', 0),
	(1249, 'steam:11000010053205c', 'fishingknife', 0),
	(1250, 'steam:11000010053205c', 'fixtool', 0),
	(1251, 'steam:11000010053205c', 'fishingrod', 0),
	(1252, 'steam:11000010053205c', 'wine', 0),
	(1253, 'steam:11000010053205c', 'bandage', 0),
	(1254, 'steam:11000010053205c', 'gazbottle', 0),
	(1255, 'steam:11000010053205c', 'carokit', 0),
	(1256, 'steam:11000010053205c', 'fishbait', 0),
	(1257, 'steam:11000010053205c', 'shark', 0),
	(1258, 'steam:11000010053205c', 'turtlebait', 0),
	(1259, 'steam:11000010053205c', 'turtle', 0),
	(1260, 'steam:11000010053205c', 'fish', 0),
	(1261, 'steam:11000010053205c', 'marijuana', 7),
	(1262, 'steam:11000010053205c', 'fixkit', 0),
	(1263, 'steam:11000010053205c', 'lockpick', 0),
	(1264, 'steam:11000010053205c', 'blowpipe', 0),
	(1265, 'steam:110000106a296fa', 'lockpick', 0),
	(1266, 'steam:11000011131a78e', 'lockpick', 0),
	(1267, 'steam:110000116b06d46', 'grapes', 0),
	(1268, 'steam:110000116b06d46', 'cannabis', 1),
	(1269, 'steam:110000116b06d46', 'medikit', 0),
	(1270, 'steam:110000116b06d46', 'fishingknife', 0),
	(1271, 'steam:110000116b06d46', 'carotool', 0),
	(1272, 'steam:110000116b06d46', 'fixtool', 0),
	(1273, 'steam:110000116b06d46', 'fishingrod', 0),
	(1274, 'steam:110000116b06d46', 'wine', 0),
	(1275, 'steam:110000116b06d46', 'bandage', 0),
	(1276, 'steam:110000116b06d46', 'gazbottle', 0),
	(1277, 'steam:110000116b06d46', 'carokit', 0),
	(1278, 'steam:110000116b06d46', 'fishbait', 0),
	(1279, 'steam:110000116b06d46', 'shark', 0),
	(1280, 'steam:110000116b06d46', 'turtlebait', 0),
	(1281, 'steam:110000116b06d46', 'turtle', 0),
	(1282, 'steam:110000116b06d46', 'fish', 0),
	(1283, 'steam:110000116b06d46', 'marijuana', 0),
	(1284, 'steam:110000116b06d46', 'fixkit', 0),
	(1285, 'steam:110000116b06d46', 'lockpick', 0),
	(1286, 'steam:110000116b06d46', 'blowpipe', 0),
	(1287, 'steam:11000011653861b', 'lockpick', 0),
	(1288, 'steam:110000105f9d1e1', 'lockpick', 0),
	(1289, 'steam:11000010dc09b12', 'lockpick', 0),
	(1290, 'steam:1100001065b69c3', 'grapes', 0),
	(1291, 'steam:1100001065b69c3', 'cannabis', 0),
	(1292, 'steam:1100001065b69c3', 'medikit', 0),
	(1293, 'steam:1100001065b69c3', 'fishingknife', 0),
	(1294, 'steam:1100001065b69c3', 'carotool', 0),
	(1295, 'steam:1100001065b69c3', 'fixtool', 0),
	(1296, 'steam:1100001065b69c3', 'fishingrod', 0),
	(1297, 'steam:1100001065b69c3', 'wine', 0),
	(1298, 'steam:1100001065b69c3', 'bandage', 0),
	(1299, 'steam:1100001065b69c3', 'gazbottle', 0),
	(1300, 'steam:1100001065b69c3', 'carokit', 0),
	(1301, 'steam:1100001065b69c3', 'fishbait', 0),
	(1302, 'steam:1100001065b69c3', 'shark', 0),
	(1303, 'steam:1100001065b69c3', 'turtlebait', 0),
	(1304, 'steam:1100001065b69c3', 'turtle', 0),
	(1305, 'steam:1100001065b69c3', 'fish', 0),
	(1306, 'steam:1100001065b69c3', 'marijuana', 0),
	(1307, 'steam:1100001065b69c3', 'fixkit', 0),
	(1308, 'steam:1100001065b69c3', 'lockpick', 0),
	(1309, 'steam:1100001065b69c3', 'blowpipe', 0),
	(1310, 'steam:1100001007ca702', 'grapes', 0),
	(1311, 'steam:1100001007ca702', 'cannabis', 0),
	(1312, 'steam:1100001007ca702', 'medikit', 0),
	(1313, 'steam:1100001007ca702', 'fishingknife', 0),
	(1314, 'steam:1100001007ca702', 'carotool', 0),
	(1315, 'steam:1100001007ca702', 'fixtool', 0),
	(1316, 'steam:1100001007ca702', 'fishingrod', 0),
	(1317, 'steam:1100001007ca702', 'wine', 0),
	(1318, 'steam:1100001007ca702', 'bandage', 0),
	(1319, 'steam:1100001007ca702', 'gazbottle', 0),
	(1320, 'steam:1100001007ca702', 'carokit', 0),
	(1321, 'steam:1100001007ca702', 'fishbait', 0),
	(1322, 'steam:1100001007ca702', 'shark', 0),
	(1323, 'steam:1100001007ca702', 'turtlebait', 0),
	(1324, 'steam:1100001007ca702', 'turtle', 0),
	(1325, 'steam:1100001007ca702', 'fish', 0),
	(1326, 'steam:1100001007ca702', 'marijuana', 0),
	(1327, 'steam:1100001007ca702', 'fixkit', 0),
	(1328, 'steam:1100001007ca702', 'lockpick', 0),
	(1329, 'steam:1100001007ca702', 'blowpipe', 0),
	(1330, 'steam:11000010632f9b5', 'grapes', 0),
	(1331, 'steam:11000010632f9b5', 'cannabis', 0),
	(1332, 'steam:11000010632f9b5', 'medikit', 0),
	(1333, 'steam:11000010632f9b5', 'fishingknife', 0),
	(1334, 'steam:11000010632f9b5', 'carotool', 0),
	(1335, 'steam:11000010632f9b5', 'fixtool', 0),
	(1336, 'steam:11000010632f9b5', 'fishingrod', 0),
	(1337, 'steam:11000010632f9b5', 'wine', 0),
	(1338, 'steam:11000010632f9b5', 'bandage', 0),
	(1339, 'steam:11000010632f9b5', 'gazbottle', 0),
	(1340, 'steam:11000010632f9b5', 'carokit', 0),
	(1341, 'steam:11000010632f9b5', 'fishbait', 0),
	(1342, 'steam:11000010632f9b5', 'shark', 0),
	(1343, 'steam:11000010632f9b5', 'turtlebait', 0),
	(1344, 'steam:11000010632f9b5', 'turtle', 0),
	(1345, 'steam:11000010632f9b5', 'fish', 0),
	(1346, 'steam:11000010632f9b5', 'marijuana', 0),
	(1347, 'steam:11000010632f9b5', 'fixkit', 0),
	(1348, 'steam:11000010632f9b5', 'lockpick', 0),
	(1349, 'steam:11000010632f9b5', 'blowpipe', 0),
	(1350, 'steam:110000108c1c25f', 'grapes', 0),
	(1351, 'steam:110000108c1c25f', 'cannabis', 0),
	(1352, 'steam:110000108c1c25f', 'medikit', 0),
	(1353, 'steam:110000108c1c25f', 'carotool', 0),
	(1354, 'steam:110000108c1c25f', 'fishingknife', 0),
	(1355, 'steam:110000108c1c25f', 'fixtool', 0),
	(1356, 'steam:110000108c1c25f', 'fishingrod', 0),
	(1357, 'steam:110000108c1c25f', 'wine', 0),
	(1358, 'steam:110000108c1c25f', 'bandage', 0),
	(1359, 'steam:110000108c1c25f', 'gazbottle', 0),
	(1360, 'steam:110000108c1c25f', 'carokit', 0),
	(1361, 'steam:110000108c1c25f', 'fishbait', 0),
	(1362, 'steam:110000108c1c25f', 'shark', 0),
	(1363, 'steam:110000108c1c25f', 'turtlebait', 0),
	(1364, 'steam:110000108c1c25f', 'turtle', 0),
	(1365, 'steam:110000108c1c25f', 'fish', 0),
	(1366, 'steam:110000108c1c25f', 'marijuana', 10),
	(1367, 'steam:110000108c1c25f', 'fixkit', 0),
	(1368, 'steam:110000108c1c25f', 'lockpick', 1),
	(1369, 'steam:110000108c1c25f', 'blowpipe', 0),
	(1370, 'steam:110000106e6abb7', 'grapes', 0),
	(1371, 'steam:110000106e6abb7', 'cannabis', 0),
	(1372, 'steam:110000106e6abb7', 'medikit', 0),
	(1373, 'steam:110000106e6abb7', 'fishingknife', 0),
	(1374, 'steam:110000106e6abb7', 'carotool', 0),
	(1375, 'steam:110000106e6abb7', 'fixtool', 0),
	(1376, 'steam:110000106e6abb7', 'fishingrod', 0),
	(1377, 'steam:110000106e6abb7', 'wine', 0),
	(1378, 'steam:110000106e6abb7', 'bandage', 0),
	(1379, 'steam:110000106e6abb7', 'gazbottle', 0),
	(1380, 'steam:110000106e6abb7', 'fishbait', 0),
	(1381, 'steam:110000106e6abb7', 'carokit', 0),
	(1382, 'steam:110000106e6abb7', 'shark', 0),
	(1383, 'steam:110000106e6abb7', 'turtlebait', 0),
	(1384, 'steam:110000106e6abb7', 'turtle', 0),
	(1385, 'steam:110000106e6abb7', 'fish', 0),
	(1386, 'steam:110000106e6abb7', 'marijuana', 0),
	(1387, 'steam:110000106e6abb7', 'fixkit', 0),
	(1388, 'steam:110000106e6abb7', 'blowpipe', 0),
	(1389, 'steam:110000106e6abb7', 'lockpick', 0),
	(1390, 'steam:11000010cd31807', 'lockpick', 0),
	(1391, 'steam:11000011214e91c', 'lockpick', 0),
	(1392, 'steam:110000110c65246', 'carotool', 0),
	(1393, 'steam:110000110c65246', 'bandage', 0),
	(1394, 'steam:110000110c65246', 'turtlebait', 0),
	(1395, 'steam:110000110c65246', 'marijuana', 0),
	(1396, 'steam:110000110c65246', 'gazbottle', 0),
	(1397, 'steam:110000110c65246', 'grapes', 0),
	(1398, 'steam:110000110c65246', 'wine', 0),
	(1399, 'steam:110000110c65246', 'fishingrod', 0),
	(1400, 'steam:110000110c65246', 'lockpick', 0),
	(1401, 'steam:110000110c65246', 'turtle', 0),
	(1402, 'steam:110000110c65246', 'fixtool', 0),
	(1403, 'steam:110000110c65246', 'fish', 0),
	(1404, 'steam:110000110c65246', 'carokit', 0),
	(1405, 'steam:110000110c65246', 'fishbait', 0),
	(1406, 'steam:110000110c65246', 'fixkit', 0),
	(1407, 'steam:110000110c65246', 'medikit', 0),
	(1408, 'steam:110000110c65246', 'shark', 0),
	(1409, 'steam:110000110c65246', 'cannabis', 0),
	(1410, 'steam:110000110c65246', 'fishingknife', 0),
	(1411, 'steam:110000110c65246', 'blowpipe', 0),
	(1412, 'steam:11000010bf7bb73', 'fishbait', 0),
	(1413, 'steam:11000010bf7bb73', 'fishingknife', 0),
	(1414, 'steam:11000010bf7bb73', 'wine', 0),
	(1415, 'steam:11000010bf7bb73', 'shark', 0),
	(1416, 'steam:11000010bf7bb73', 'fish', 0),
	(1417, 'steam:11000010bf7bb73', 'carokit', 0),
	(1418, 'steam:11000010bf7bb73', 'medikit', 0),
	(1419, 'steam:11000010bf7bb73', 'fishingrod', 0),
	(1420, 'steam:11000010bf7bb73', 'lockpick', 0),
	(1421, 'steam:11000010bf7bb73', 'fixkit', 0),
	(1422, 'steam:11000010bf7bb73', 'carotool', 0),
	(1423, 'steam:11000010bf7bb73', 'turtle', 0),
	(1424, 'steam:11000010bf7bb73', 'bandage', 0),
	(1425, 'steam:11000010bf7bb73', 'marijuana', 0),
	(1426, 'steam:11000010bf7bb73', 'fixtool', 0),
	(1427, 'steam:11000010bf7bb73', 'grapes', 0),
	(1428, 'steam:11000010bf7bb73', 'turtlebait', 0),
	(1429, 'steam:11000010bf7bb73', 'cannabis', 0),
	(1430, 'steam:11000010bf7bb73', 'blowpipe', 0),
	(1431, 'steam:11000010bf7bb73', 'gazbottle', 0),
	(1432, 'steam:110000103965729', 'lockpick', 0),
	(1433, 'steam:110000108c9037a', 'fishbait', 0),
	(1434, 'steam:110000108c9037a', 'fishingknife', 0),
	(1435, 'steam:110000108c9037a', 'wine', 0),
	(1436, 'steam:110000108c9037a', 'shark', 0),
	(1437, 'steam:110000108c9037a', 'fish', 0),
	(1438, 'steam:110000108c9037a', 'carokit', 0),
	(1439, 'steam:110000108c9037a', 'medikit', 0),
	(1440, 'steam:110000108c9037a', 'fishingrod', 0),
	(1441, 'steam:110000108c9037a', 'lockpick', 0),
	(1442, 'steam:110000108c9037a', 'fixkit', 0),
	(1443, 'steam:110000108c9037a', 'carotool', 0),
	(1444, 'steam:110000108c9037a', 'turtle', 0),
	(1445, 'steam:110000108c9037a', 'bandage', 0),
	(1446, 'steam:110000108c9037a', 'marijuana', 0),
	(1447, 'steam:110000108c9037a', 'fixtool', 0),
	(1448, 'steam:110000108c9037a', 'grapes', 0),
	(1449, 'steam:110000108c9037a', 'turtlebait', 0),
	(1450, 'steam:110000108c9037a', 'cannabis', 0),
	(1451, 'steam:110000108c9037a', 'blowpipe', 0),
	(1452, 'steam:110000108c9037a', 'gazbottle', 0),
	(1453, 'steam:1100001073dda0b', 'lockpick', 0);
/*!40000 ALTER TABLE `user_inventory` ENABLE KEYS */;

-- Dumping structure for table strp.user_lastcharacter
CREATE TABLE IF NOT EXISTS `user_lastcharacter` (
  `steamid` varchar(255) NOT NULL,
  `charid` int(11) NOT NULL
) ENGINE=InnoDB DEFAULT CHARSET=latin1;

-- Dumping data for table strp.user_lastcharacter: ~0 rows (approximately)
/*!40000 ALTER TABLE `user_lastcharacter` DISABLE KEYS */;
INSERT INTO `user_lastcharacter` (`steamid`, `charid`) VALUES
	('steam:1100001073dda0b', 1);
/*!40000 ALTER TABLE `user_lastcharacter` ENABLE KEYS */;

-- Dumping structure for table strp.user_licenses
CREATE TABLE IF NOT EXISTS `user_licenses` (
  `id` int(11) NOT NULL AUTO_INCREMENT,
  `type` varchar(60) NOT NULL,
  `owner` varchar(60) NOT NULL,
  PRIMARY KEY (`id`)
) ENGINE=InnoDB AUTO_INCREMENT=26 DEFAULT CHARSET=latin1;

-- Dumping data for table strp.user_licenses: ~22 rows (approximately)
/*!40000 ALTER TABLE `user_licenses` DISABLE KEYS */;
INSERT INTO `user_licenses` (`id`, `type`, `owner`) VALUES
	(3, 'weapon', 'steam:11000010181f7dc'),
	(4, 'weapon', 'steam:110000113a28bfb'),
	(5, 'weapon', 'steam:11000010188f986'),
	(6, 'weapon', 'steam:1100001066d171c'),
	(7, 'dmv', 'steam:11000010181f7dc'),
	(8, 'drive', 'steam:11000010181f7dc'),
	(9, 'dmv', 'steam:11000011d0c9c1c'),
	(10, 'drive', 'steam:11000011d0c9c1c'),
	(11, 'dmv', 'steam:110000113a28bfb'),
	(12, 'drive', 'steam:110000113a28bfb'),
	(13, 'dmv', 'steam:110000106f7ce3f'),
	(15, 'drive_truck', 'steam:11000010181f7dc'),
	(16, 'dmv', 'steam:110000108c1c25f'),
	(17, 'dmv', 'steam:110000110c65246'),
	(18, 'drive', 'steam:110000108c1c25f'),
	(19, 'drive', 'steam:110000110c65246'),
	(20, 'dmv', 'steam:11000010188f986'),
	(21, 'drive', 'steam:11000010188f986'),
	(22, 'weapon', 'steam:110000105bb5ee8'),
	(23, 'dmv', 'steam:110000116b06d46'),
	(24, 'drive', 'steam:110000116b06d46'),
	(25, 'dmv', 'steam:110000103965729');
/*!40000 ALTER TABLE `user_licenses` ENABLE KEYS */;

-- Dumping structure for table strp.user_parkings
CREATE TABLE IF NOT EXISTS `user_parkings` (
  `id` int(11) NOT NULL AUTO_INCREMENT,
  `identifier` varchar(60) DEFAULT NULL,
  `garage` varchar(60) DEFAULT NULL,
  `zone` int(11) NOT NULL,
  `vehicle` longtext,
  PRIMARY KEY (`id`)
) ENGINE=InnoDB AUTO_INCREMENT=38 DEFAULT CHARSET=latin1;

-- Dumping data for table strp.user_parkings: ~13 rows (approximately)
/*!40000 ALTER TABLE `user_parkings` DISABLE KEYS */;
INSERT INTO `user_parkings` (`id`, `identifier`, `garage`, `zone`, `vehicle`) VALUES
	(6, 'steam:11000010181f7dc', 'VinewoodEstate2650', 1, '{"modEngine":-1,"modSmokeEnabled":1,"modOrnaments":-1,"windowTint":-1,"color1":1,"modTurbo":false,"plate":"68JAE881","modRearBumper":-1,"dirtLevel":9.440092086792,"modDoorSpeaker":-1,"modAPlate":-1,"modDial":-1,"modXenon":false,"modBackWheels":-1,"modSpoilers":-1,"color2":0,"modSideSkirt":-1,"modEngineBlock":-1,"modTrunk":-1,"modStruts":-1,"modVanityPlate":-1,"modLivery":-1,"modAerials":-1,"modSteeringWheel":-1,"modSeats":-1,"health":1000,"modGrille":-1,"modDashboard":-1,"modFrame":-1,"wheels":0,"modTank":-1,"modHydrolic":-1,"modFender":-1,"modRoof":-1,"wheelColor":156,"modSpeakers":-1,"modPlateHolder":-1,"modTransmission":-1,"neonColor":[255,0,255],"modWindows":-1,"modSuspension":-1,"modTrimA":-1,"modArmor":-1,"modRightFender":-1,"modAirFilter":-1,"modHorns":-1,"plateIndex":0,"modTrimB":-1,"modFrontWheels":-1,"tyreSmokeColor":[255,255,255],"modShifterLeavers":-1,"modArchCover":-1,"pearlescentColor":7,"model":-1041692462,"modHood":-1,"modExhaust":-1,"modBrakes":-1,"modFrontBumper":-1,"neonEnabled":[false,false,false,false]}'),
	(7, 'steam:11000010181f7dc', 'IntegrityWay', 6, '{"modArchCover":-1,"plateIndex":0,"modTrimB":-1,"color2":77,"modSteeringWheel":-1,"modFrame":-1,"modBackWheels":-1,"modShifterLeavers":-1,"modRearBumper":-1,"modHood":-1,"dirtLevel":7.0068860054016,"plate":"47ULH095","modEngine":-1,"modDial":-1,"wheelColor":156,"modFrontWheels":-1,"modDoorSpeaker":-1,"modSuspension":-1,"modTransmission":-1,"modFrontBumper":-1,"modArmor":-1,"neonEnabled":[false,false,false,false],"modRoof":-1,"modRightFender":-1,"pearlescentColor":5,"health":1000,"modBrakes":-1,"modSpeakers":-1,"modHorns":-1,"tyreSmokeColor":[255,255,255],"model":-956048545,"modAerials":-1,"modLivery":-1,"modPlateHolder":-1,"modSideSkirt":-1,"modXenon":false,"modTrimA":-1,"neonColor":[255,0,255],"modGrille":-1,"modAPlate":-1,"modFender":-1,"windowTint":-1,"modWindows":-1,"modEngineBlock":-1,"modOrnaments":-1,"modTrunk":-1,"modTank":-1,"modSpoilers":-1,"modDashboard":-1,"modSeats":-1,"modStruts":-1,"modHydrolic":-1,"modTurbo":false,"modExhaust":-1,"modSmokeEnabled":1,"wheels":0,"modAirFilter":-1,"color1":88,"modVanityPlate":-1}'),
	(8, 'steam:11000010181f7dc', 'IntegrityWay', 7, '{"modArmor":-1,"modArchCover":-1,"modSpoilers":-1,"dirtLevel":11.532363891602,"modTrimA":-1,"modPlateHolder":-1,"pearlescentColor":89,"modAerials":-1,"modHood":-1,"modTank":-1,"modStruts":-1,"modTransmission":-1,"modSpeakers":-1,"modTrunk":-1,"modFrontWheels":-1,"modRearBumper":-1,"plateIndex":0,"modEngineBlock":-1,"modFrame":-1,"modDashboard":-1,"modBackWheels":-1,"modAirFilter":-1,"modOrnaments":-1,"windowTint":-1,"modVanityPlate":-1,"modRightFender":-1,"modSteeringWheel":-1,"modSuspension":-1,"modShifterLeavers":-1,"modFrontBumper":-1,"modHorns":-1,"neonColor":[255,0,255],"modWindows":-1,"modSeats":-1,"modHydrolic":-1,"modFender":-1,"model":-1450650718,"modDoorSpeaker":-1,"tyreSmokeColor":[255,255,255],"wheels":0,"modGrille":-1,"modTrimB":-1,"modSmokeEnabled":1,"color1":36,"plate":"49KME891","modEngine":-1,"modXenon":false,"health":994,"modLivery":-1,"modSideSkirt":-1,"modDial":-1,"modBrakes":-1,"neonEnabled":[false,false,false,false],"modRoof":-1,"color2":0,"modExhaust":-1,"modAPlate":-1,"modTurbo":false,"wheelColor":156}'),
	(9, 'steam:11000010181f7dc', 'IntegrityWay', 5, '{"modArmor":-1,"modArchCover":-1,"modSpoilers":-1,"dirtLevel":9.0383453369141,"modTrimA":-1,"modPlateHolder":-1,"pearlescentColor":111,"modAerials":-1,"modHood":-1,"modTank":-1,"modStruts":-1,"modTransmission":-1,"modSpeakers":-1,"modTrunk":-1,"modFrontWheels":-1,"modRearBumper":-1,"plateIndex":0,"modEngineBlock":-1,"modFrame":-1,"modDashboard":-1,"modBackWheels":-1,"modAirFilter":-1,"modOrnaments":-1,"windowTint":-1,"modVanityPlate":-1,"modRightFender":-1,"modSteeringWheel":-1,"modSuspension":-1,"modShifterLeavers":-1,"modFrontBumper":-1,"modHorns":-1,"neonColor":[255,0,255],"modWindows":-1,"modSeats":-1,"modHydrolic":-1,"modFender":-1,"model":-1775728740,"modDoorSpeaker":-1,"tyreSmokeColor":[255,255,255],"wheels":3,"modGrille":-1,"modTrimB":-1,"modSmokeEnabled":1,"color1":111,"plate":"67ODB439","modEngine":-1,"modXenon":false,"health":1000,"modLivery":-1,"modSideSkirt":-1,"modDial":-1,"modBrakes":-1,"neonEnabled":[false,false,false,false],"modRoof":-1,"color2":111,"modExhaust":-1,"modAPlate":-1,"modTurbo":false,"wheelColor":156}'),
	(12, 'steam:11000010181f7dc', 'IntegrityWay', 8, '{"modArmor":-1,"modArchCover":-1,"modSpoilers":-1,"dirtLevel":3.0281491279602,"modTrimA":-1,"modPlateHolder":-1,"pearlescentColor":111,"modAerials":-1,"modHood":-1,"modTank":-1,"modStruts":-1,"modTransmission":-1,"modSpeakers":-1,"modTrunk":-1,"modFrontWheels":-1,"modRearBumper":-1,"plateIndex":0,"modEngineBlock":-1,"modFrame":-1,"modDashboard":-1,"modBackWheels":-1,"modAirFilter":-1,"modOrnaments":-1,"windowTint":-1,"modVanityPlate":-1,"modRightFender":-1,"modSteeringWheel":-1,"modSuspension":-1,"modShifterLeavers":-1,"modFrontBumper":-1,"modHorns":-1,"neonColor":[255,0,255],"modWindows":-1,"modSeats":-1,"modHydrolic":-1,"modFender":-1,"model":-789894171,"modDoorSpeaker":-1,"tyreSmokeColor":[255,255,255],"wheels":3,"modGrille":-1,"modTrimB":-1,"modSmokeEnabled":1,"color1":67,"plate":"20TVG497","modEngine":-1,"modXenon":false,"health":1000,"modLivery":-1,"modSideSkirt":-1,"modDial":-1,"modBrakes":-1,"neonEnabled":[false,false,false,false],"modRoof":-1,"color2":67,"modExhaust":-1,"modAPlate":-1,"modTurbo":false,"wheelColor":156}'),
	(13, 'steam:11000010181f7dc', 'IntegrityWay', 4, '{"modArmor":-1,"modArchCover":-1,"modSpoilers":-1,"dirtLevel":3.0437030792236,"modTrimA":-1,"modPlateHolder":-1,"pearlescentColor":111,"modAerials":-1,"modHood":-1,"modTank":-1,"modStruts":-1,"modTransmission":-1,"modSpeakers":-1,"modTrunk":-1,"modFrontWheels":-1,"modRearBumper":-1,"plateIndex":0,"modEngineBlock":-1,"modFrame":-1,"modDashboard":-1,"modBackWheels":-1,"modAirFilter":-1,"modOrnaments":-1,"windowTint":-1,"modVanityPlate":-1,"modRightFender":-1,"modSteeringWheel":-1,"modSuspension":-1,"modShifterLeavers":-1,"modFrontBumper":-1,"modHorns":-1,"neonColor":[255,0,255],"modWindows":-1,"modSeats":-1,"modHydrolic":-1,"modFender":-1,"model":-1137532101,"modDoorSpeaker":-1,"tyreSmokeColor":[255,255,255],"wheels":0,"modGrille":-1,"modTrimB":-1,"modSmokeEnabled":1,"color1":6,"plate":"22BAL996","modEngine":-1,"modXenon":false,"health":1000,"modLivery":-1,"modSideSkirt":-1,"modDial":-1,"modBrakes":-1,"neonEnabled":[false,false,false,false],"modRoof":-1,"color2":6,"modExhaust":-1,"modAPlate":-1,"modTurbo":false,"wheelColor":156}'),
	(15, 'steam:11000010181f7dc', 'IntegrityWay', 3, '{"modArmor":-1,"modArchCover":-1,"modSpoilers":-1,"dirtLevel":6.0770349502563,"modTrimA":-1,"modPlateHolder":-1,"pearlescentColor":111,"modAerials":-1,"modHood":-1,"modTank":-1,"modStruts":-1,"modTransmission":-1,"modSpeakers":-1,"modTrunk":-1,"modFrontWheels":-1,"modRearBumper":-1,"plateIndex":0,"modEngineBlock":-1,"modFrame":-1,"modDashboard":-1,"modBackWheels":-1,"modAirFilter":-1,"modOrnaments":-1,"windowTint":-1,"modVanityPlate":-1,"modRightFender":-1,"modSteeringWheel":-1,"modSuspension":-1,"modShifterLeavers":-1,"modFrontBumper":-1,"modHorns":-1,"neonColor":[255,0,255],"modWindows":-1,"modSeats":-1,"modHydrolic":-1,"modFender":-1,"model":-1041692462,"modDoorSpeaker":-1,"tyreSmokeColor":[255,255,255],"wheels":0,"modGrille":-1,"modTrimB":-1,"modSmokeEnabled":1,"color1":5,"plate":"24CXX353","modEngine":-1,"modXenon":false,"health":1000,"modLivery":-1,"modSideSkirt":-1,"modDial":-1,"modBrakes":-1,"neonEnabled":[false,false,false,false],"modRoof":-1,"color2":89,"modExhaust":-1,"modAPlate":-1,"modTurbo":false,"wheelColor":156}'),
	(19, 'steam:110000113a28bfb', 'VinewoodEstate2650', 1, '{"modArmor":-1,"plateIndex":0,"modSpoilers":-1,"dirtLevel":10.024959564209,"modTrimA":-1,"modPlateHolder":-1,"pearlescentColor":26,"modAerials":-1,"modHood":-1,"modTank":-1,"modStruts":-1,"modTransmission":-1,"modHorns":-1,"modTrunk":-1,"modFrontWheels":-1,"modRearBumper":-1,"modRoof":-1,"modEngineBlock":-1,"modFrame":-1,"modDashboard":-1,"modBackWheels":-1,"model":2016857647,"modOrnaments":-1,"modSuspension":-1,"modWindows":-1,"modRightFender":-1,"tyreSmokeColor":[255,255,255],"modTrimB":-1,"modShifterLeavers":-1,"modFrontBumper":-1,"modSpeakers":-1,"neonColor":[255,0,255],"health":1000,"modSeats":-1,"modHydrolic":-1,"modFender":-1,"modSteeringWheel":-1,"modArchCover":-1,"modEngine":1,"wheels":5,"modExhaust":-1,"modDial":-1,"modSmokeEnabled":1,"modAirFilter":-1,"modDoorSpeaker":-1,"windowTint":-1,"modXenon":false,"modGrille":-1,"modLivery":-1,"plate":"84HPF946","color1":0,"modBrakes":-1,"neonEnabled":[false,false,false,false],"modVanityPlate":-1,"color2":0,"modSideSkirt":-1,"modAPlate":-1,"modTurbo":false,"wheelColor":156}'),
	(27, 'steam:110000113a28bfb', 'DidionWay', 3, '{"modSeats":-1,"modExhaust":-1,"modXenon":false,"modBrakes":-1,"modTrunk":-1,"color2":36,"neonEnabled":[false,false,false,false],"modSpoilers":-1,"modShifterLeavers":-1,"modOrnaments":-1,"modHorns":-1,"modDashboard":-1,"modHydrolic":-1,"modFender":-1,"modSteeringWheel":-1,"modPlateHolder":-1,"plate":"20KDA975","modDial":-1,"modDoorSpeaker":-1,"modRoof":-1,"modFrontBumper":-1,"modFrontWheels":-1,"wheels":7,"modRightFender":-1,"modStruts":-1,"modTurbo":false,"modAerials":-1,"modSpeakers":-1,"modAPlate":-1,"modTrimA":-1,"modArchCover":-1,"plateIndex":0,"modRearBumper":-1,"modBackWheels":-1,"dirtLevel":0.023752400651574,"modSuspension":-1,"health":981,"modEngineBlock":-1,"modVanityPlate":-1,"modFrame":-1,"modSmokeEnabled":1,"modWindows":-1,"modLivery":-1,"modSideSkirt":-1,"windowTint":-1,"modEngine":-1,"pearlescentColor":160,"color1":138,"modArmor":-1,"modGrille":-1,"modAirFilter":-1,"modTrimB":-1,"model":2123327359,"modTank":-1,"wheelColor":0,"modTransmission":-1,"modHood":-1,"tyreSmokeColor":[255,255,255],"neonColor":[255,0,255]}'),
	(28, 'steam:110000113a28bfb', 'DidionWay', 2, '{"modSeats":-1,"modExhaust":-1,"modXenon":false,"modBrakes":-1,"modTrunk":-1,"color2":36,"neonEnabled":[false,false,false,false],"modSpoilers":-1,"modShifterLeavers":-1,"modOrnaments":-1,"modHorns":-1,"modDashboard":-1,"modHydrolic":-1,"modFender":-1,"modSteeringWheel":-1,"modPlateHolder":-1,"plate":"61FVZ555","modDial":-1,"modDoorSpeaker":-1,"modRoof":-1,"modFrontBumper":-1,"modFrontWheels":-1,"wheels":7,"modRightFender":-1,"modStruts":-1,"modTurbo":false,"modAerials":-1,"modSpeakers":-1,"modAPlate":-1,"modTrimA":-1,"modArchCover":-1,"plateIndex":0,"modRearBumper":-1,"modBackWheels":-1,"dirtLevel":0.0042930394411087,"modSuspension":-1,"health":1000,"modEngineBlock":-1,"modVanityPlate":-1,"modFrame":-1,"modSmokeEnabled":1,"modWindows":-1,"modLivery":-1,"modSideSkirt":-1,"windowTint":-1,"modEngine":-1,"pearlescentColor":160,"color1":138,"modArmor":-1,"modGrille":-1,"modAirFilter":-1,"modTrimB":-1,"model":2123327359,"modTank":-1,"wheelColor":0,"modTransmission":-1,"modHood":-1,"tyreSmokeColor":[255,255,255],"neonColor":[255,0,255]}'),
	(35, 'steam:110000113a28bfb', 'VinewoodEstate2650', 8, '{"modSeats":-1,"modExhaust":-1,"modXenon":false,"modBrakes":-1,"modTrunk":-1,"color2":0,"neonEnabled":[false,false,false,false],"modSpoilers":-1,"modShifterLeavers":-1,"modOrnaments":-1,"modHorns":-1,"modDashboard":-1,"modHydrolic":-1,"modFender":-1,"modSteeringWheel":-1,"modPlateHolder":-1,"plate":"44UCO337","modDial":-1,"modDoorSpeaker":-1,"modRoof":-1,"modFrontBumper":-1,"modFrontWheels":-1,"wheels":7,"modRightFender":-1,"modStruts":-1,"modTurbo":false,"modAerials":-1,"modSpeakers":-1,"modAPlate":-1,"modTrimA":-1,"modArchCover":-1,"plateIndex":0,"modRearBumper":-1,"modBackWheels":-1,"dirtLevel":0.010049810633063,"modSuspension":-1,"health":1000,"modEngineBlock":-1,"modVanityPlate":-1,"modFrame":-1,"modSmokeEnabled":1,"modWindows":-1,"modLivery":-1,"modSideSkirt":-1,"windowTint":-1,"modEngine":-1,"pearlescentColor":4,"color1":1,"modArmor":-1,"modGrille":-1,"modAirFilter":-1,"modTrimB":-1,"model":408192225,"modTank":-1,"wheelColor":156,"modTransmission":-1,"modHood":-1,"tyreSmokeColor":[255,255,255],"neonColor":[255,0,255]}'),
	(36, 'steam:110000113a28bfb', 'ImaginationCt265', 1, '{"modSeats":-1,"modExhaust":-1,"modXenon":false,"modBrakes":-1,"modTrunk":-1,"color2":111,"neonEnabled":[false,false,false,false],"modSpoilers":-1,"modShifterLeavers":-1,"modOrnaments":-1,"modHorns":-1,"modDashboard":-1,"modHydrolic":-1,"modFender":-1,"modSteeringWheel":-1,"modPlateHolder":-1,"plate":"40ZOD038","modDial":-1,"modDoorSpeaker":-1,"modRoof":-1,"modFrontBumper":-1,"modFrontWheels":-1,"wheels":0,"modRightFender":-1,"modStruts":-1,"modTurbo":false,"modAerials":-1,"modSpeakers":-1,"modAPlate":-1,"modTrimA":-1,"modArchCover":-1,"plateIndex":0,"modRearBumper":-1,"modBackWheels":-1,"dirtLevel":0.0057461401447654,"modSuspension":-1,"health":999,"modEngineBlock":-1,"modVanityPlate":-1,"modFrame":-1,"modSmokeEnabled":1,"modWindows":-1,"modLivery":-1,"modSideSkirt":-1,"windowTint":-1,"modEngine":-1,"pearlescentColor":7,"color1":29,"modArmor":-1,"modGrille":-1,"modAirFilter":-1,"modTrimB":-1,"model":931280609,"modTank":-1,"wheelColor":5,"modTransmission":-1,"modHood":-1,"tyreSmokeColor":[255,255,255],"neonColor":[255,0,255]}'),
	(37, 'steam:110000100a219d0', 'SteeleWay1150', 5, '{"wheelColor":156,"modLivery":-1,"modDoorSpeaker":-1,"modSpoilers":-1,"modTrimA":-1,"modStruts":-1,"dirtLevel":6.1795492172241,"modVanityPlate":-1,"modTrimB":-1,"tyreSmokeColor":[255,255,255],"modSeats":-1,"modRightFender":-1,"wheels":0,"plateIndex":4,"modFender":-1,"neonColor":[255,0,255],"modWindows":-1,"modHydrolic":-1,"modFrame":-1,"modSpeakers":-1,"modSuspension":-1,"modSmokeEnabled":1,"modOrnaments":-1,"modRearBumper":-1,"modTank":-1,"modHood":-1,"plate":"28LBB271","modShifterLeavers":-1,"modHorns":-1,"health":995,"modTransmission":-1,"neonEnabled":[false,false,false,false],"modAirFilter":-1,"modFrontWheels":-1,"modExhaust":-1,"modEngineBlock":-1,"modAPlate":-1,"windowTint":-1,"modDial":-1,"modGrille":-1,"modFrontBumper":-1,"color2":0,"modDashboard":-1,"modTrunk":-1,"modAerials":-1,"modXenon":false,"color1":111,"modEngine":-1,"modBackWheels":-1,"modSteeringWheel":-1,"modRoof":-1,"modArchCover":-1,"model":1912215274,"modArmor":-1,"modTurbo":false,"pearlescentColor":1,"modPlateHolder":-1,"modSideSkirt":-1,"modBrakes":-1}');
/*!40000 ALTER TABLE `user_parkings` ENABLE KEYS */;

-- Dumping structure for table strp.vehicles
CREATE TABLE IF NOT EXISTS `vehicles` (
  `name` varchar(60) NOT NULL,
  `model` varchar(60) NOT NULL,
  `price` int(11) NOT NULL,
  `category` varchar(60) DEFAULT NULL,
  PRIMARY KEY (`model`)
) ENGINE=InnoDB DEFAULT CHARSET=latin1;

-- Dumping data for table strp.vehicles: ~240 rows (approximately)
/*!40000 ALTER TABLE `vehicles` DISABLE KEYS */;
INSERT INTO `vehicles` (`name`, `model`, `price`, `category`) VALUES
	('Adder', 'adder', 900000, 'super'),
	('Akuma', 'AKUMA', 7500, 'motorcycles'),
	('Alpha', 'alpha', 60000, 'sports'),
	('Ardent', 'ardent', 1150000, 'sportsclassics'),
	('Asea', 'asea', 5500, 'sedans'),
	('Autarch', 'autarch', 1955000, 'super'),
	('Avarus', 'avarus', 18000, 'motorcycles'),
	('Bagger', 'bagger', 13500, 'motorcycles'),
	('Baller', 'baller2', 40000, 'suvs'),
	('Baller Sport', 'baller3', 60000, 'suvs'),
	('Banshee', 'banshee', 70000, 'sports'),
	('Banshee 900R', 'banshee2', 255000, 'super'),
	('Bati 801', 'bati', 12000, 'motorcycles'),
	('Bati 801RR', 'bati2', 19000, 'motorcycles'),
	('Bestia GTS', 'bestiagts', 55000, 'sports'),
	('BF400', 'bf400', 6500, 'motorcycles'),
	('Bf Injection', 'bfinjection', 16000, 'offroad'),
	('Bifta', 'bifta', 12000, 'offroad'),
	('Bison', 'bison', 45000, 'vans'),
	('Blade', 'blade', 15000, 'muscle'),
	('Blazer', 'blazer', 6500, 'offroad'),
	('Blazer Sport', 'blazer4', 8500, 'offroad'),
	('blazer5', 'blazer5', 1755600, 'offroad'),
	('Blista', 'blista', 8000, 'compacts'),
	('BMX (velo)', 'bmx', 160, 'motorcycles'),
	('Bobcat XL', 'bobcatxl', 32000, 'vans'),
	('Brawler', 'brawler', 45000, 'offroad'),
	('Brioso R/A', 'brioso', 18000, 'compacts'),
	('Btype', 'btype', 62000, 'sportsclassics'),
	('Btype Hotroad', 'btype2', 155000, 'sportsclassics'),
	('Btype Luxe', 'btype3', 85000, 'sportsclassics'),
	('Buccaneer', 'buccaneer', 18000, 'muscle'),
	('Buccaneer Rider', 'buccaneer2', 24000, 'muscle'),
	('Buffalo', 'buffalo', 12000, 'sports'),
	('Buffalo S', 'buffalo2', 20000, 'sports'),
	('Bullet', 'bullet', 90000, 'super'),
	('Burrito', 'burrito3', 19000, 'vans'),
	('Camper', 'camper', 42000, 'vans'),
	('Carbonizzare', 'carbonizzare', 75000, 'sports'),
	('Carbon RS', 'carbonrs', 18000, 'motorcycles'),
	('Casco', 'casco', 30000, 'sportsclassics'),
	('Cavalcade', 'cavalcade2', 55000, 'suvs'),
	('Cheetah', 'cheetah', 375000, 'super'),
	('Chimera', 'chimera', 38000, 'motorcycles'),
	('Chino', 'chino', 15000, 'muscle'),
	('Chino Luxe', 'chino2', 19000, 'muscle'),
	('Cliffhanger', 'cliffhanger', 9500, 'motorcycles'),
	('Cognoscenti Cabrio', 'cogcabrio', 55000, 'coupes'),
	('Cognoscenti', 'cognoscenti', 55000, 'sedans'),
	('Comet', 'comet2', 65000, 'sports'),
	('Comet 5', 'comet5', 1145000, 'sports'),
	('Contender', 'contender', 70000, 'suvs'),
	('Coquette', 'coquette', 65000, 'sports'),
	('Coquette Classic', 'coquette2', 40000, 'sportsclassics'),
	('Coquette BlackFin', 'coquette3', 55000, 'muscle'),
	('Cruiser (velo)', 'cruiser', 510, 'motorcycles'),
	('Cyclone', 'cyclone', 1890000, 'super'),
	('Daemon', 'daemon', 11500, 'motorcycles'),
	('Daemon High', 'daemon2', 13500, 'motorcycles'),
	('Defiler', 'defiler', 9800, 'motorcycles'),
	('Deluxo', 'deluxo', 4721500, 'sportsclassics'),
	('Dominator', 'dominator', 35000, 'muscle'),
	('Double T', 'double', 28000, 'motorcycles'),
	('Dubsta', 'dubsta', 45000, 'suvs'),
	('Dubsta Luxuary', 'dubsta2', 60000, 'suvs'),
	('Bubsta 6x6', 'dubsta3', 120000, 'offroad'),
	('Dukes', 'dukes', 28000, 'muscle'),
	('Dune Buggy', 'dune', 8000, 'offroad'),
	('Elegy', 'elegy2', 38500, 'sports'),
	('Emperor', 'emperor', 8500, 'sedans'),
	('Enduro', 'enduro', 5500, 'motorcycles'),
	('Entity XF', 'entityxf', 425000, 'super'),
	('Esskey', 'esskey', 4200, 'motorcycles'),
	('Exemplar', 'exemplar', 32000, 'coupes'),
	('F620', 'f620', 40000, 'coupes'),
	('Faction', 'faction', 20000, 'muscle'),
	('Faction Rider', 'faction2', 30000, 'muscle'),
	('Faction XL', 'faction3', 40000, 'muscle'),
	('Faggio', 'faggio', 1900, 'motorcycles'),
	('Vespa', 'faggio2', 2800, 'motorcycles'),
	('Felon', 'felon', 42000, 'coupes'),
	('Felon GT', 'felon2', 55000, 'coupes'),
	('Feltzer', 'feltzer2', 55000, 'sports'),
	('Stirling GT', 'feltzer3', 65000, 'sportsclassics'),
	('Fixter (velo)', 'fixter', 225, 'motorcycles'),
	('FMJ', 'fmj', 185000, 'super'),
	('Fhantom', 'fq2', 17000, 'suvs'),
	('Fugitive', 'fugitive', 12000, 'sedans'),
	('Furore GT', 'furoregt', 45000, 'sports'),
	('Fusilade', 'fusilade', 40000, 'sports'),
	('Gargoyle', 'gargoyle', 16500, 'motorcycles'),
	('Gauntlet', 'gauntlet', 30000, 'muscle'),
	('Gang Burrito', 'gburrito', 45000, 'vans'),
	('Burrito', 'gburrito2', 29000, 'vans'),
	('Glendale', 'glendale', 6500, 'sedans'),
	('Grabger', 'granger', 50000, 'suvs'),
	('Gresley', 'gresley', 47500, 'suvs'),
	('GT 500', 'gt500', 785000, 'sportsclassics'),
	('Guardian', 'guardian', 45000, 'offroad'),
	('Hakuchou', 'hakuchou', 31000, 'motorcycles'),
	('Hakuchou Sport', 'hakuchou2', 55000, 'motorcycles'),
	('Hermes', 'hermes', 535000, 'muscle'),
	('Hexer', 'hexer', 12000, 'motorcycles'),
	('Hotknife', 'hotknife', 125000, 'muscle'),
	('Huntley S', 'huntley', 40000, 'suvs'),
	('Hustler', 'hustler', 625000, 'muscle'),
	('Infernus', 'infernus', 180000, 'super'),
	('Innovation', 'innovation', 23500, 'motorcycles'),
	('Intruder', 'intruder', 7500, 'sedans'),
	('Issi', 'issi2', 10000, 'compacts'),
	('Jackal', 'jackal', 38000, 'coupes'),
	('Jester', 'jester', 65000, 'sports'),
	('Jester(Racecar)', 'jester2', 135000, 'sports'),
	('Journey', 'journey', 6500, 'vans'),
	('Kamacho', 'kamacho', 345000, 'offroad'),
	('Khamelion', 'khamelion', 38000, 'sports'),
	('Kuruma', 'kuruma', 30000, 'sports'),
	('Landstalker', 'landstalker', 35000, 'suvs'),
	('RE-7B', 'le7b', 325000, 'super'),
	('Lynx', 'lynx', 40000, 'sports'),
	('Mamba', 'mamba', 70000, 'sports'),
	('Manana', 'manana', 12800, 'sportsclassics'),
	('Manchez', 'manchez', 5300, 'motorcycles'),
	('Massacro', 'massacro', 65000, 'sports'),
	('Massacro(Racecar)', 'massacro2', 130000, 'sports'),
	('Mesa', 'mesa', 16000, 'suvs'),
	('Mesa Trail', 'mesa3', 40000, 'suvs'),
	('Minivan', 'minivan', 13000, 'vans'),
	('Monroe', 'monroe', 55000, 'sportsclassics'),
	('The Liberator', 'monster', 210000, 'offroad'),
	('Moonbeam', 'moonbeam', 18000, 'vans'),
	('Moonbeam Rider', 'moonbeam2', 35000, 'vans'),
	('Nemesis', 'nemesis', 5800, 'motorcycles'),
	('Neon', 'neon', 1500000, 'sports'),
	('Nightblade', 'nightblade', 35000, 'motorcycles'),
	('Nightshade', 'nightshade', 65000, 'muscle'),
	('9F', 'ninef', 65000, 'sports'),
	('9F Cabrio', 'ninef2', 80000, 'sports'),
	('Omnis', 'omnis', 35000, 'sports'),
	('Oppressor', 'oppressor', 3524500, 'super'),
	('Oracle XS', 'oracle2', 35000, 'coupes'),
	('Osiris', 'osiris', 160000, 'super'),
	('Panto', 'panto', 10000, 'compacts'),
	('Paradise', 'paradise', 19000, 'vans'),
	('Pariah', 'pariah', 1420000, 'sports'),
	('Patriot', 'patriot', 55000, 'suvs'),
	('PCJ-600', 'pcj', 6200, 'motorcycles'),
	('Penumbra', 'penumbra', 28000, 'sports'),
	('Pfister', 'pfister811', 85000, 'super'),
	('Phoenix', 'phoenix', 12500, 'muscle'),
	('Picador', 'picador', 18000, 'muscle'),
	('Pigalle', 'pigalle', 20000, 'sportsclassics'),
	('Prairie', 'prairie', 12000, 'compacts'),
	('Premier', 'premier', 8000, 'sedans'),
	('Primo Custom', 'primo2', 14000, 'sedans'),
	('X80 Proto', 'prototipo', 2500000, 'super'),
	('Radius', 'radi', 29000, 'suvs'),
	('raiden', 'raiden', 1375000, 'sports'),
	('Rapid GT', 'rapidgt', 35000, 'sports'),
	('Rapid GT Convertible', 'rapidgt2', 45000, 'sports'),
	('Rapid GT3', 'rapidgt3', 885000, 'sportsclassics'),
	('Reaper', 'reaper', 150000, 'super'),
	('Rebel', 'rebel2', 35000, 'offroad'),
	('Regina', 'regina', 5000, 'sedans'),
	('Retinue', 'retinue', 615000, 'sportsclassics'),
	('Revolter', 'revolter', 1610000, 'sports'),
	('riata', 'riata', 380000, 'offroad'),
	('Rocoto', 'rocoto', 45000, 'suvs'),
	('Ruffian', 'ruffian', 6800, 'motorcycles'),
	('Ruiner 2', 'ruiner2', 5745600, 'muscle'),
	('Rumpo', 'rumpo', 15000, 'vans'),
	('Rumpo Trail', 'rumpo3', 19500, 'vans'),
	('Sabre Turbo', 'sabregt', 20000, 'muscle'),
	('Sabre GT', 'sabregt2', 25000, 'muscle'),
	('Sanchez', 'sanchez', 5300, 'motorcycles'),
	('Sanchez Sport', 'sanchez2', 5300, 'motorcycles'),
	('Sanctus', 'sanctus', 25000, 'motorcycles'),
	('Sandking', 'sandking', 55000, 'offroad'),
	('Savestra', 'savestra', 990000, 'sportsclassics'),
	('SC 1', 'sc1', 1603000, 'super'),
	('Schafter', 'schafter2', 25000, 'sedans'),
	('Schafter V12', 'schafter3', 50000, 'sports'),
	('Scorcher (velo)', 'scorcher', 280, 'motorcycles'),
	('Seminole', 'seminole', 25000, 'suvs'),
	('Sentinel', 'sentinel', 32000, 'coupes'),
	('Sentinel XS', 'sentinel2', 40000, 'coupes'),
	('Sentinel3', 'sentinel3', 650000, 'sports'),
	('Seven 70', 'seven70', 39500, 'sports'),
	('ETR1', 'sheava', 220000, 'super'),
	('Shotaro Concept', 'shotaro', 320000, 'motorcycles'),
	('Slam Van', 'slamvan3', 11500, 'muscle'),
	('Sovereign', 'sovereign', 22000, 'motorcycles'),
	('Stinger', 'stinger', 80000, 'sportsclassics'),
	('Stinger GT', 'stingergt', 75000, 'sportsclassics'),
	('Streiter', 'streiter', 500000, 'sports'),
	('Stretch', 'stretch', 90000, 'sedans'),
	('Stromberg', 'stromberg', 3185350, 'sports'),
	('Sultan', 'sultan', 15000, 'sports'),
	('Sultan RS', 'sultanrs', 65000, 'super'),
	('Super Diamond', 'superd', 130000, 'sedans'),
	('Surano', 'surano', 50000, 'sports'),
	('Surfer', 'surfer', 12000, 'vans'),
	('T20', 't20', 300000, 'super'),
	('Tailgater', 'tailgater', 30000, 'sedans'),
	('Tampa', 'tampa', 16000, 'muscle'),
	('Drift Tampa', 'tampa2', 80000, 'sports'),
	('Thrust', 'thrust', 24000, 'motorcycles'),
	('Tri bike (velo)', 'tribike3', 520, 'motorcycles'),
	('Trophy Truck', 'trophytruck', 60000, 'offroad'),
	('Trophy Truck Limited', 'trophytruck2', 80000, 'offroad'),
	('Tropos', 'tropos', 40000, 'sports'),
	('Turismo R', 'turismor', 350000, 'super'),
	('Tyrus', 'tyrus', 600000, 'super'),
	('Vacca', 'vacca', 120000, 'super'),
	('Vader', 'vader', 7200, 'motorcycles'),
	('Verlierer', 'verlierer2', 70000, 'sports'),
	('Vigero', 'vigero', 12500, 'muscle'),
	('Virgo', 'virgo', 14000, 'muscle'),
	('Viseris', 'viseris', 875000, 'sportsclassics'),
	('Visione', 'visione', 2250000, 'super'),
	('Voltic', 'voltic', 90000, 'super'),
	('Voltic 2', 'voltic2', 3830400, 'super'),
	('Voodoo', 'voodoo', 7200, 'muscle'),
	('Vortex', 'vortex', 9800, 'motorcycles'),
	('Warrener', 'warrener', 4000, 'sedans'),
	('Washington', 'washington', 9000, 'sedans'),
	('Windsor', 'windsor', 95000, 'coupes'),
	('Windsor Drop', 'windsor2', 125000, 'coupes'),
	('Woflsbane', 'wolfsbane', 9000, 'motorcycles'),
	('XLS', 'xls', 32000, 'suvs'),
	('Yosemite', 'yosemite', 485000, 'muscle'),
	('Youga', 'youga', 10800, 'vans'),
	('Youga Luxuary', 'youga2', 14500, 'vans'),
	('Z190', 'z190', 900000, 'sportsclassics'),
	('Zentorno', 'zentorno', 1500000, 'super'),
	('Zion', 'zion', 36000, 'coupes'),
	('Zion Cabrio', 'zion2', 45000, 'coupes'),
	('Zombie', 'zombiea', 9500, 'motorcycles'),
	('Zombie Luxuary', 'zombieb', 12000, 'motorcycles'),
	('Z-Type', 'ztype', 220000, 'sportsclassics');
/*!40000 ALTER TABLE `vehicles` ENABLE KEYS */;

-- Dumping structure for table strp.vehicle_categories
CREATE TABLE IF NOT EXISTS `vehicle_categories` (
  `name` varchar(60) NOT NULL,
  `label` varchar(60) NOT NULL,
  PRIMARY KEY (`name`)
) ENGINE=InnoDB DEFAULT CHARSET=latin1;

-- Dumping data for table strp.vehicle_categories: ~11 rows (approximately)
/*!40000 ALTER TABLE `vehicle_categories` DISABLE KEYS */;
INSERT INTO `vehicle_categories` (`name`, `label`) VALUES
	('compacts', 'Compacts'),
	('coupes', 'Coupés'),
	('motorcycles', 'Motos'),
	('muscle', 'Muscle'),
	('offroad', 'Off Road'),
	('sedans', 'Sedans'),
	('sports', 'Sports'),
	('sportsclassics', 'Sports Classics'),
	('super', 'Super'),
	('suvs', 'SUVs'),
	('vans', 'Vans');
/*!40000 ALTER TABLE `vehicle_categories` ENABLE KEYS */;

-- Dumping structure for table strp.vehicle_sold
CREATE TABLE IF NOT EXISTS `vehicle_sold` (
  `client` varchar(50) NOT NULL,
  `model` varchar(50) NOT NULL,
  `plate` varchar(50) NOT NULL,
  `soldby` varchar(50) NOT NULL,
  `date` varchar(50) NOT NULL,
  PRIMARY KEY (`plate`)
) ENGINE=InnoDB DEFAULT CHARSET=latin1;

-- Dumping data for table strp.vehicle_sold: ~0 rows (approximately)
/*!40000 ALTER TABLE `vehicle_sold` DISABLE KEYS */;
/*!40000 ALTER TABLE `vehicle_sold` ENABLE KEYS */;

-- Dumping structure for table strp.weashops
CREATE TABLE IF NOT EXISTS `weashops` (
  `id` int(11) NOT NULL AUTO_INCREMENT,
  `zone` varchar(255) NOT NULL,
  `item` varchar(255) NOT NULL,
  `price` int(11) NOT NULL,
  PRIMARY KEY (`id`)
) ENGINE=InnoDB AUTO_INCREMENT=17 DEFAULT CHARSET=utf8mb4;

-- Dumping data for table strp.weashops: ~16 rows (approximately)
/*!40000 ALTER TABLE `weashops` DISABLE KEYS */;
INSERT INTO `weashops` (`id`, `zone`, `item`, `price`) VALUES
	(1, 'GunShop', 'WEAPON_PISTOL', 300),
	(2, 'BlackWeashop', 'WEAPON_PISTOL', 500),
	(3, 'GunShop', 'WEAPON_FLASHLIGHT', 60),
	(4, 'BlackWeashop', 'WEAPON_FLASHLIGHT', 70),
	(5, 'GunShop', 'WEAPON_MACHETE', 90),
	(6, 'BlackWeashop', 'WEAPON_MACHETE', 110),
	(7, 'GunShop', 'WEAPON_NIGHTSTICK', 150),
	(8, 'BlackWeashop', 'WEAPON_NIGHTSTICK', 150),
	(9, 'GunShop', 'WEAPON_BAT', 100),
	(10, 'BlackWeashop', 'WEAPON_BAT', 100),
	(11, 'GunShop', 'WEAPON_STUNGUN', 50),
	(12, 'BlackWeashop', 'WEAPON_STUNGUN', 50),
	(13, 'BlackWeashop', 'WEAPON_MICROSMG', 1700),
	(14, 'BlackWeashop', 'WEAPON_PUMPSHOTGUN', 3500),
	(15, 'GunShop', 'WEAPON_FIREEXTINGUISHER', 100),
	(16, 'BlackWeashop', 'WEAPON_FIREEXTINGUISHER', 100);
/*!40000 ALTER TABLE `weashops` ENABLE KEYS */;

/*!40101 SET SQL_MODE=IFNULL(@OLD_SQL_MODE, '') */;
/*!40014 SET FOREIGN_KEY_CHECKS=IF(@OLD_FOREIGN_KEY_CHECKS IS NULL, 1, @OLD_FOREIGN_KEY_CHECKS) */;
/*!40101 SET CHARACTER_SET_CLIENT=@OLD_CHARACTER_SET_CLIENT */;
